date,customer_id,orders,items,gross_gbp,returns_gbp,net_gbp,unique_products,return_rate,avg_order_value,next_day_net_gbp
2024-10-01,C00001,1,7,280.3828,0.0,280.38280000000003,5,-0.0,280.38280000000003,227.61270799999997
2024-10-04,C00001,1,10,227.61270799999997,0.0,227.61270799999997,4,-0.0,227.61270799999997,227.61270799999997
2024-10-03,C00002,1,3,63.032358,0.0,63.032358,1,-0.0,63.032358,
2024-10-01,C00003,1,3,108.04432,0.0,108.04432,2,-0.0,108.04432,115.26299999999999
2024-10-03,C00003,1,5,115.263,0.0,115.26299999999999,3,-0.0,115.26299999999999,82.697335
2024-10-05,C00003,1,4,50.13167,0.0,50.13167,2,-0.0,50.13167,50.13167
2024-10-03,C00006,1,3,77.52067199999999,0.0,77.52067199999999,1,-0.0,77.52067199999999,33.016935
2024-10-04,C00006,1,3,33.016935,0.0,33.016935,1,-0.0,33.016935,33.016935
2024-10-04,C00007,1,3,52.023165000000006,0.0,52.023165000000006,1,-0.0,52.023165000000006,193.488213
2024-10-05,C00007,1,9,193.488213,0.0,193.488213,4,-0.0,193.488213,193.488213
2024-10-05,C00008,1,3,90.384411,0.0,90.384411,2,-0.0,90.384411,
2024-10-04,C00009,1,6,165.23000000000002,0.0,165.23000000000002,4,-0.0,165.23000000000002,
2024-10-02,C00011,1,1,54.46,0.0,54.46,1,-0.0,54.46,7.02
2024-10-05,C00011,1,1,7.02,0.0,7.02,1,-0.0,7.02,7.02
2024-10-02,C00012,1,6,99.14,0.0,99.14,3,-0.0,99.14,
2024-10-01,C00013,1,12,345.17343999999997,0.0,345.17344,3,-0.0,345.17344,240.85698000000002
2024-10-03,C00013,1,13,240.85698000000002,0.0,240.85698000000002,4,-0.0,240.85698000000002,178.40091900000002
2024-10-04,C00013,1,9,115.94485800000001,0.0,115.94485800000001,2,-0.0,115.94485800000001,106.93904900000001
2024-10-05,C00013,1,8,187.08114,-89.14789999999999,97.93324,4,0.4765199741673586,97.93324,97.93324
2024-10-02,C00014,1,10,528.54,0.0,528.54,3,-0.0,528.54,101.58
2024-10-04,C00014,1,7,101.58,0.0,101.58,2,-0.0,101.58,101.58
2024-10-01,C00015,1,6,170.18136,0.0,170.18136,2,-0.0,170.18136,373.81343999999996
2024-10-02,C00015,1,10,373.81343999999996,0.0,373.81343999999996,4,-0.0,373.81343999999996,288.92195
2024-10-05,C00015,1,10,204.03046,0.0,204.03046,4,-0.0,204.03046,204.03046
2024-10-03,C00016,1,10,290.16393,0.0,290.16393,3,-0.0,290.16393,
2024-10-02,C00017,1,1,23.055252000000003,0.0,23.055252000000003,1,-0.0,23.055252000000003,367.47776799999997
2024-10-04,C00017,1,8,367.47776799999997,0.0,367.47776799999997,3,-0.0,367.47776799999997,367.47776799999997
2024-10-03,C00018,1,6,135.278878,0.0,135.278878,4,-0.0,135.278878,
2024-10-05,C00020,1,2,61.92888000000001,0.0,61.92888000000001,1,-0.0,61.92888000000001,
2024-10-02,C00021,1,2,98.98091,0.0,98.98091,2,-0.0,98.98091,207.197714
2024-10-03,C00021,1,11,207.19771400000002,0.0,207.197714,5,-0.0,207.197714,126.702192
2024-10-04,C00021,1,2,46.206669999999995,0.0,46.206669999999995,1,-0.0,46.206669999999995,46.206669999999995
2024-10-01,C00022,1,13,331.71711999999997,0.0,331.71711999999997,5,-0.0,331.71711999999997,301.72206
2024-10-05,C00022,1,7,301.72206,0.0,301.72206,2,-0.0,301.72206,301.72206
2024-10-05,C00023,1,10,269.96366,0.0,269.96366,3,-0.0,269.96366,
2024-10-04,C00024,1,3,76.48601,0.0,76.48601,2,-0.0,76.48601,13.29883
2024-10-05,C00024,1,1,13.29883,0.0,13.29883,1,-0.0,13.29883,13.29883
2024-10-02,C00025,1,7,246.14,0.0,246.14,3,-0.0,246.14,206.71
2024-10-05,C00025,1,9,206.71,0.0,206.71,3,-0.0,206.71,206.71
2024-10-03,C00026,1,12,289.368378,0.0,289.368378,4,-0.0,289.368378,
2024-10-03,C00027,1,8,102.601146,0.0,102.601146,4,-0.0,102.601146,17.789248999999998
2024-10-04,C00027,1,1,17.789248999999998,0.0,17.789248999999998,1,-0.0,17.789248999999998,17.789248999999998
2024-10-01,C00028,1,2,44.56,0.0,44.56,1,-0.0,44.56,
2024-10-01,C00030,1,2,133.890084,0.0,133.890084,1,-0.0,133.890084,80.215099
2024-10-05,C00030,1,3,80.215099,0.0,80.215099,2,-0.0,80.215099,80.215099
2024-10-02,C00032,1,5,109.379798,0.0,109.379798,3,-0.0,109.379798,14.843599999999999
2024-10-05,C00032,1,1,14.843599999999999,0.0,14.843599999999999,1,-0.0,14.843599999999999,14.843599999999999
2024-10-01,C00033,1,6,154.83282599999998,0.0,154.832826,3,-0.0,154.832826,45.96343
2024-10-05,C00033,1,2,45.96343,0.0,45.96343,2,-0.0,45.96343,45.96343
2024-10-02,C00034,1,3,31.03,0.0,31.03,2,-0.0,31.03,40.8
2024-10-03,C00034,1,3,40.8,0.0,40.8,1,-0.0,40.8,99.9
2024-10-05,C00034,1,7,159.0,0.0,159.0,3,-0.0,159.0,159.0
2024-10-05,C00035,1,1,29.24707,0.0,29.24707,1,-0.0,29.24707,
2024-10-01,C00037,1,4,151.09,0.0,151.09,2,-0.0,151.09,95.96000000000001
2024-10-02,C00037,1,6,95.96000000000001,0.0,95.96000000000001,3,-0.0,95.96000000000001,89.9
2024-10-03,C00037,1,5,83.84,0.0,83.84,2,-0.0,83.84,103.775
2024-10-05,C00037,1,5,123.71000000000001,0.0,123.71000000000001,3,-0.0,123.71000000000001,123.71000000000001
2024-10-01,C00038,1,3,41.620385999999996,0.0,41.620385999999996,2,-0.0,41.620385999999996,102.04235800000001
2024-10-03,C00038,1,5,102.04235800000001,0.0,102.04235800000001,3,-0.0,102.04235800000001,102.04235800000001
2024-10-04,C00039,1,1,34.733444,0.0,34.733444,1,-0.0,34.733444,
2024-10-04,C00040,1,4,53.272894,0.0,53.272894,2,-0.0,53.272894,
2024-10-03,C00041,1,5,271.559628,0.0,271.559628,2,-0.0,271.559628,133.48404
2024-10-04,C00041,1,8,133.48404,0.0,133.48404,5,-0.0,133.48404,133.48404
2024-10-03,C00042,1,15,333.912642,0.0,333.912642,5,-0.0,333.912642,202.38180999999997
2024-10-04,C00042,1,7,202.38180999999997,0.0,202.38180999999997,4,-0.0,202.38180999999997,202.38180999999997
2024-10-01,C00043,1,4,98.16422999999999,0.0,98.16423,3,-0.0,98.16423,102.902276
2024-10-05,C00043,1,2,102.902276,0.0,102.902276,1,-0.0,102.902276,102.902276
2024-10-01,C00045,1,2,45.47072,0.0,45.47072,1,-0.0,45.47072,
2024-10-04,C00046,1,4,90.420778,0.0,90.42077799999998,3,-0.0,90.42077799999998,
2024-10-02,C00047,1,2,22.071082,0.0,22.071082,2,-0.0,22.071082,
2024-10-01,C00048,1,4,129.90655999999998,0.0,129.90655999999998,1,-0.0,129.90655999999998,30.403489999999998
2024-10-05,C00048,1,1,30.403489999999998,0.0,30.403489999999998,1,-0.0,30.403489999999998,30.403489999999998
2024-10-03,C00049,1,1,83.497004,0.0,83.497004,1,-0.0,83.497004,57.884468000000005
2024-10-05,C00049,1,4,57.884468000000005,0.0,57.884468000000005,1,-0.0,57.884468000000005,57.884468000000005
2024-10-01,C00050,1,5,143.20749899999998,0.0,143.20749899999998,3,-0.0,143.20749899999998,346.775494
2024-10-03,C00050,1,8,346.775494,0.0,346.775494,5,-0.0,346.775494,346.775494
2024-10-01,C00052,1,8,119.40343999999999,-24.9952,94.40823999999999,5,0.20933400243745073,94.40823999999999,138.708064
2024-10-02,C00052,1,4,138.708064,0.0,138.708064,1,-0.0,138.708064,138.708064
2024-10-03,C00054,1,5,130.639938,0.0,130.639938,3,-0.0,130.639938,93.41112
2024-10-05,C00054,1,4,93.41112,0.0,93.41112,3,-0.0,93.41112,93.41112
2024-10-03,C00055,1,5,136.497006,0.0,136.497006,2,-0.0,136.497006,13.969259999999998
2024-10-04,C00055,1,1,13.969259999999998,0.0,13.969259999999998,1,-0.0,13.969259999999998,125.37959999999998
2024-10-05,C00055,1,11,236.78993999999997,0.0,236.78993999999997,5,-0.0,236.78993999999997,236.78993999999997
2024-10-01,C00056,1,4,47.88,0.0,47.88,1,-0.0,47.88,81.1
2024-10-04,C00056,1,3,81.1,0.0,81.1,2,-0.0,81.1,81.1
2024-10-03,C00057,1,2,92.73457199999999,0.0,92.73457199999999,2,-0.0,92.73457199999999,49.482805
2024-10-04,C00057,1,1,49.482805,0.0,49.482805,1,-0.0,49.482805,49.482805
2024-10-01,C00058,1,9,155.84,0.0,155.83999999999997,5,-0.0,155.83999999999997,
2024-10-02,C00059,1,1,9.54108,0.0,9.54108,1,-0.0,9.54108,
2024-10-03,C00061,1,3,77.567484,0.0,77.567484,3,-0.0,77.567484,211.82707899999997
2024-10-05,C00061,1,5,211.82707899999997,0.0,211.82707899999997,3,-0.0,211.82707899999997,211.82707899999997
2024-10-01,C00062,1,1,6.658637999999999,0.0,6.658637999999999,1,-0.0,6.658637999999999,161.10706
2024-10-02,C00062,1,8,161.10706,0.0,161.10706,3,-0.0,161.10706,94.3899725
2024-10-04,C00062,1,1,27.672884999999997,0.0,27.672884999999997,1,-0.0,27.672884999999997,27.672884999999997
2024-10-04,C00063,1,8,378.38,0.0,378.38,4,-0.0,378.38,31.54
2024-10-05,C00063,1,1,31.54,0.0,31.54,1,-0.0,31.54,31.54
2024-10-04,C00064,1,12,141.43919,0.0,141.43918999999997,3,-0.0,141.43918999999997,
2024-10-01,C00065,1,4,132.78,0.0,132.78,3,-0.0,132.78,113.55000000000001
2024-10-02,C00065,1,3,113.55000000000001,0.0,113.55000000000001,1,-0.0,113.55000000000001,127.80000000000001
2024-10-03,C00065,1,10,142.05,0.0,142.05,2,-0.0,142.05,142.05
2024-10-01,C00068,1,5,69.15938999999999,0.0,69.15938999999999,1,-0.0,69.15938999999999,377.28911600000004
2024-10-03,C00068,1,9,377.28911600000004,0.0,377.28911600000004,3,-0.0,377.28911600000004,200.09166800000003
2024-10-04,C00068,1,2,22.894219999999997,0.0,22.894219999999997,1,-0.0,22.894219999999997,22.894219999999997
2024-10-01,C00070,1,1,25.418219999999998,0.0,25.418219999999998,1,-0.0,25.418219999999998,
2024-10-01,C00071,1,7,170.56655999999998,0.0,170.56655999999998,3,-0.0,170.56655999999998,240.13748
2024-10-02,C00071,1,6,240.13748,0.0,240.13748,2,-0.0,240.13748,233.897356
2024-10-03,C00071,1,8,227.657232,0.0,227.65723200000002,4,-0.0,227.65723200000002,140.80567150000002
2024-10-04,C00071,1,6,53.954111,0.0,53.954111,3,-0.0,53.954111,126.94697549999998
2024-10-05,C00071,1,17,199.93983999999998,0.0,199.93983999999998,3,-0.0,199.93983999999998,199.93983999999998
2024-10-01,C00072,1,3,59.120000000000005,0.0,59.120000000000005,2,-0.0,59.120000000000005,
2024-10-04,C00073,1,9,146.754837,0.0,146.75483699999998,5,-0.0,146.75483699999998,
2024-10-01,C00074,1,8,138.72,0.0,138.72,2,-0.0,138.72,63.629999999999995
2024-10-04,C00074,1,7,63.629999999999995,0.0,63.629999999999995,2,-0.0,63.629999999999995,63.629999999999995
2024-10-04,C00076,1,1,24.76851,0.0,24.76851,1,-0.0,24.76851,
2024-10-01,C00077,1,8,287.97439799999995,0.0,287.97439799999995,3,-0.0,287.97439799999995,96.585211
2024-10-05,C00077,1,5,96.585211,0.0,96.585211,2,-0.0,96.585211,96.585211
2024-10-04,C00078,1,2,72.34697,0.0,72.34697,1,-0.0,72.34697,
2024-10-01,C00079,1,4,62.616400000000006,0.0,62.616400000000006,2,-0.0,62.616400000000006,202.043232
2024-10-03,C00079,1,6,202.043232,0.0,202.043232,2,-0.0,202.043232,142.014116
2024-10-05,C00079,1,4,81.985,0.0,81.985,1,-0.0,81.985,81.985
2024-10-02,C00080,1,3,58.134494000000004,0.0,58.134494000000004,2,-0.0,58.134494000000004,
2024-10-03,C00081,1,7,136.363356,0.0,136.363356,2,-0.0,136.363356,
2024-10-03,C00082,1,7,117.34,0.0,117.34,3,-0.0,117.34,
2024-10-03,C00083,1,2,28.482768,0.0,28.482768,1,-0.0,28.482768,34.690329
2024-10-04,C00083,1,3,34.690329,0.0,34.690329,1,-0.0,34.690329,34.690329
2024-10-03,C00084,1,5,239.10000000000002,0.0,239.10000000000002,2,-0.0,239.10000000000002,64.72999999999999
2024-10-04,C00084,1,3,64.72999999999999,0.0,64.72999999999999,2,-0.0,64.72999999999999,39.574999999999996
2024-10-05,C00084,1,2,14.42,0.0,14.42,1,-0.0,14.42,14.42
2024-10-02,C00085,1,9,250.33642500000002,0.0,250.33642500000002,3,-0.0,250.33642500000002,
2024-10-03,C00087,1,7,227.87,0.0,227.87,3,-0.0,227.87,
2024-10-02,C00088,1,2,147.591268,0.0,147.591268,1,-0.0,147.591268,203.32171699999998
2024-10-04,C00088,1,5,203.32171699999998,0.0,203.32171699999998,3,-0.0,203.32171699999998,203.32171699999998
2024-10-04,C00089,1,7,138.097345,0.0,138.097345,3,-0.0,138.097345,
2024-10-01,C00090,1,6,92.1912,0.0,92.19120000000001,5,-0.0,92.19120000000001,
2024-10-01,C00091,1,3,49.838423999999996,0.0,49.838423999999996,2,-0.0,49.838423999999996,171.99469000000002
2024-10-05,C00091,1,7,171.99469000000002,0.0,171.99469000000002,3,-0.0,171.99469000000002,171.99469000000002
2024-10-01,C00092,1,2,30.7,0.0,30.7,1,-0.0,30.7,189.66
2024-10-03,C00092,1,8,189.66,0.0,189.66,3,-0.0,189.66,189.405
2024-10-04,C00092,1,11,189.14999999999998,0.0,189.15,3,-0.0,189.15,189.15
2024-10-01,C00093,1,4,59.97,0.0,59.97,2,-0.0,59.97,264.01
2024-10-03,C00093,1,7,264.01,0.0,264.01,2,-0.0,264.01,264.01
2024-10-04,C00094,1,5,366.74,0.0,366.74,3,-0.0,366.74,
2024-10-03,C00095,1,3,65.79426600000001,0.0,65.79426600000001,1,-0.0,65.79426600000001,79.626023
2024-10-05,C00095,1,5,79.626023,0.0,79.626023,3,-0.0,79.626023,79.626023
2024-10-04,C00097,1,5,154.679374,0.0,154.679374,3,-0.0,154.679374,
2024-10-05,C00098,1,2,75.8,0.0,75.8,1,-0.0,75.8,
2024-10-01,C00099,1,5,97.2416,0.0,97.2416,3,-0.0,97.2416,
2024-10-01,C00100,1,12,198.92584,0.0,198.92584,4,-0.0,198.92584,131.14368000000002
2024-10-03,C00100,1,8,131.14368000000002,0.0,131.14368000000002,4,-0.0,131.14368000000002,211.550607
2024-10-04,C00100,1,11,291.957534,0.0,291.957534,3,-0.0,291.957534,187.342357
2024-10-05,C00100,1,2,82.72718,0.0,82.72718,1,-0.0,82.72718,82.72718
2024-10-02,C00101,1,4,42.841319999999996,0.0,42.841319999999996,1,-0.0,42.841319999999996,387.78253
2024-10-05,C00101,1,7,387.78253,0.0,387.78253,3,-0.0,387.78253,387.78253
2024-10-05,C00102,1,3,59.98713000000001,0.0,59.98713000000001,1,-0.0,59.98713000000001,
2024-10-01,C00103,1,10,282.547686,0.0,282.54768599999994,5,-0.0,282.54768599999994,158.162144
2024-10-03,C00103,1,4,158.162144,0.0,158.162144,2,-0.0,158.162144,115.955017
2024-10-04,C00103,1,3,73.74789,0.0,73.74789,3,-0.0,73.74789,165.4204045
2024-10-05,C00103,1,12,257.092919,0.0,257.092919,4,-0.0,257.092919,257.092919
2024-10-02,C00104,1,3,38.400000000000006,0.0,38.400000000000006,1,-0.0,38.400000000000006,64.2
2024-10-03,C00104,1,5,64.2,0.0,64.2,1,-0.0,64.2,39.17
2024-10-04,C00104,1,1,14.14,0.0,14.14,1,-0.0,14.14,227.33499999999998
2024-10-05,C00104,1,7,440.53,0.0,440.53,2,-0.0,440.53,440.53
2024-10-01,C00105,1,4,63.62351999999999,0.0,63.62351999999999,1,-0.0,63.62351999999999,
2024-10-01,C00106,1,1,11.145119999999999,0.0,11.145119999999999,1,-0.0,11.145119999999999,182.71436
2024-10-05,C00106,1,9,182.71436,0.0,182.71436,3,-0.0,182.71436,182.71436
2024-10-01,C00107,1,5,123.78,0.0,123.78,2,-0.0,123.78,79.42
2024-10-04,C00107,1,2,79.42,0.0,79.42,1,-0.0,79.42,79.42
2024-10-02,C00108,1,5,218.61,0.0,218.61,2,-0.0,218.61,
2024-10-04,C00109,1,2,0.0,-14.0,-14.0,1,0.0,-14.0,
2024-10-01,C00110,1,6,265.46000000000004,0.0,265.46000000000004,2,-0.0,265.46000000000004,301.96
2024-10-02,C00110,1,10,301.96,0.0,301.96,4,-0.0,301.96,301.96
2024-10-04,C00113,1,9,319.2489,0.0,319.2489,3,-0.0,319.2489,29.407294
2024-10-05,C00113,1,1,29.407294,0.0,29.407294,1,-0.0,29.407294,29.407294
2024-10-03,C00114,1,6,82.27,0.0,82.27,3,-0.0,82.27,
2024-10-05,C00116,1,7,258.588862,0.0,258.588862,2,-0.0,258.588862,
2024-10-02,C00117,1,3,74.33,0.0,74.33,2,-0.0,74.33,109.72
2024-10-05,C00117,1,4,109.72,0.0,109.72,2,-0.0,109.72,109.72
2024-10-04,C00118,1,2,36.54091,0.0,36.54091,1,-0.0,36.54091,96.77123499999999
2024-10-05,C00118,1,7,96.77123499999999,0.0,96.77123499999999,3,-0.0,96.77123499999999,96.77123499999999
2024-10-03,C00119,1,4,61.71382,-6.990592,54.723228,3,0.11327433628318585,54.723228,92.095795
2024-10-04,C00119,1,3,92.095795,0.0,92.095795,2,-0.0,92.095795,92.095795
2024-10-05,C00120,1,2,46.3431,0.0,46.3431,1,-0.0,46.3431,
2024-10-04,C00121,1,6,49.806447999999996,0.0,49.806447999999996,3,-0.0,49.806447999999996,
2024-10-01,C00123,1,2,69.72857099999999,0.0,69.72857099999999,2,-0.0,69.72857099999999,
2024-10-01,C00124,1,1,15.057039999999999,0.0,15.057039999999999,1,-0.0,15.057039999999999,256.192288
2024-10-02,C00124,1,6,256.192288,0.0,256.192288,2,-0.0,256.192288,256.192288
2024-10-01,C00126,1,4,49.91336,0.0,49.91336,2,-0.0,49.91336,
2024-10-01,C00127,1,4,92.58496000000001,0.0,92.58496000000001,2,-0.0,92.58496000000001,
2024-10-04,C00128,1,10,215.78999999999996,0.0,215.79,4,-0.0,215.79,
2024-10-04,C00129,1,3,80.82000000000001,0.0,80.82000000000001,2,-0.0,80.82000000000001,76.78
2024-10-05,C00129,1,3,76.78,0.0,76.78,2,-0.0,76.78,76.78
2024-10-03,C00130,1,11,255.81555600000002,0.0,255.81555600000002,4,-0.0,255.81555600000002,
2024-10-02,C00131,1,3,31.5,0.0,31.5,1,-0.0,31.5,
2024-10-01,C00132,1,4,136.104432,0.0,136.104432,1,-0.0,136.104432,
2024-10-04,C00134,1,5,131.02216499999997,0.0,131.02216499999997,2,-0.0,131.02216499999997,
2024-10-01,C00135,1,4,47.655263999999995,0.0,47.655263999999995,1,-0.0,47.655263999999995,89.067632
2024-10-03,C00135,1,6,89.067632,0.0,89.067632,4,-0.0,89.067632,83.94765100000001
2024-10-05,C00135,1,5,78.82767,0.0,78.82767,2,-0.0,78.82767,78.82767
2024-10-01,C00136,1,3,62.55647999999999,0.0,62.55647999999999,1,-0.0,62.55647999999999,37.157376
2024-10-03,C00136,1,4,37.157376,0.0,37.157376,1,-0.0,37.157376,55.484882999999996
2024-10-05,C00136,1,4,73.81239,0.0,73.81239,3,-0.0,73.81239,73.81239
2024-10-05,C00137,1,4,84.578912,0.0,84.578912,3,-0.0,84.578912,
2024-10-03,C00138,1,3,39.431308,0.0,39.431308,2,-0.0,39.431308,60.442298
2024-10-05,C00138,1,2,60.442298,0.0,60.442298,2,-0.0,60.442298,60.442298
2024-10-01,C00139,1,4,65.87776,0.0,65.87776,3,-0.0,65.87776,241.18531000000002
2024-10-04,C00139,1,9,241.18531000000002,0.0,241.18531000000002,3,-0.0,241.18531000000002,241.18531000000002
2024-10-01,C00140,1,10,167.13649199999998,0.0,167.13649199999998,3,-0.0,167.13649199999998,239.64947999999998
2024-10-02,C00140,1,8,239.64947999999998,0.0,239.64947999999998,4,-0.0,239.64947999999998,133.017922
2024-10-03,C00140,1,1,26.386364,0.0,26.386364,1,-0.0,26.386364,26.386364
2024-10-03,C00142,1,1,51.01455,0.0,51.01455,1,-0.0,51.01455,39.027698
2024-10-04,C00142,1,2,67.811272,-28.783574,39.027698,2,0.42446592065106814,39.027698,39.027698
2024-10-04,C00143,1,5,117.6,0.0,117.6,2,-0.0,117.6,112.95
2024-10-05,C00143,1,5,112.95,0.0,112.95,1,-0.0,112.95,112.95
2024-10-02,C00144,1,3,27.36,0.0,27.36,1,-0.0,27.36,165.66
2024-10-04,C00144,1,5,165.66,0.0,165.66,2,-0.0,165.66,139.64499999999998
2024-10-05,C00144,1,6,113.63000000000001,0.0,113.63,3,-0.0,113.63,113.63
2024-10-01,C00145,1,4,69.0,0.0,69.0,2,-0.0,69.0,65.28
2024-10-04,C00145,1,4,65.28,0.0,65.28,3,-0.0,65.28,65.28
2024-10-02,C00148,1,4,181.498064,0.0,181.498064,3,-0.0,181.498064,
2024-10-05,C00149,1,1,13.8,0.0,13.8,1,-0.0,13.8,
2024-10-01,C00150,1,3,123.61999999999999,0.0,123.61999999999999,2,-0.0,123.61999999999999,
2024-10-04,C00151,1,7,83.608608,0.0,83.60860799999999,3,-0.0,83.60860799999999,
2024-10-04,C00152,1,2,27.4,0.0,27.4,1,-0.0,27.4,
2024-10-03,C00153,1,4,105.478452,0.0,105.478452,2,-0.0,105.478452,39.889998
2024-10-04,C00153,1,3,39.889998,0.0,39.889998,1,-0.0,39.889998,39.889998
2024-10-02,C00154,1,3,52.33,0.0,52.33,2,-0.0,52.33,182.37
2024-10-04,C00154,1,8,182.37,0.0,182.37,4,-0.0,182.37,182.37
2024-10-01,C00155,1,4,54.12,0.0,54.12,1,-0.0,54.12,94.61
2024-10-03,C00155,1,5,94.61,0.0,94.61,2,-0.0,94.61,135.52
2024-10-04,C00155,1,7,176.43,0.0,176.43,3,-0.0,176.43,176.43
2024-10-01,C00157,1,6,89.05824000000001,0.0,89.05824000000001,2,-0.0,89.05824000000001,166.74295099999998
2024-10-04,C00157,1,3,166.74295099999998,0.0,166.74295099999998,2,-0.0,166.74295099999998,166.74295099999998
2024-10-01,C00159,1,4,58.11384,0.0,58.113839999999996,3,-0.0,58.113839999999996,137.44147999999998
2024-10-02,C00159,1,9,149.516818,-12.075338,137.44147999999998,5,0.08076240627325282,137.44147999999998,137.44147999999998
2024-10-04,C00162,1,6,132.53,0.0,132.53,3,-0.0,132.53,
2024-10-03,C00163,1,9,249.52304999999998,0.0,249.52304999999998,3,-0.0,249.52304999999998,115.10694
2024-10-05,C00163,1,6,115.10694,0.0,115.10694,2,-0.0,115.10694,115.10694
2024-10-02,C00164,1,6,185.09242400000002,0.0,185.092424,3,-0.0,185.092424,46.61748
2024-10-03,C00164,1,1,46.61748,0.0,46.61748,1,-0.0,46.61748,46.61748
2024-10-01,C00166,1,4,130.474998,0.0,130.474998,2,-0.0,130.474998,232.702452
2024-10-03,C00166,1,8,232.702452,0.0,232.702452,4,-0.0,232.702452,232.702452
2024-10-02,C00167,1,3,106.86945,0.0,106.86945,2,-0.0,106.86945,181.536936
2024-10-03,C00167,1,10,181.536936,0.0,181.536936,4,-0.0,181.536936,181.536936
2024-10-05,C00168,1,3,44.867369999999994,0.0,44.867369999999994,1,-0.0,44.867369999999994,
2024-10-03,C00169,1,4,64.47,-14.24,50.23,2,0.2208779277183186,50.23,
2024-10-05,C00172,1,6,172.397742,0.0,172.397742,3,-0.0,172.397742,
2024-10-05,C00173,1,5,132.15118999999999,0.0,132.15118999999999,2,-0.0,132.15118999999999,
2024-10-01,C00174,1,6,216.57655999999997,0.0,216.57655999999997,3,-0.0,216.57655999999997,83.106738
2024-10-02,C00174,1,6,83.106738,0.0,83.106738,3,-0.0,83.106738,57.66975600000001
2024-10-04,C00174,1,2,32.232774,0.0,32.232774,1,-0.0,32.232774,32.232774
2024-10-02,C00177,1,5,49.186449999999994,0.0,49.186449999999994,1,-0.0,49.186449999999994,110.289072
2024-10-03,C00177,1,4,110.289072,0.0,110.289072,1,-0.0,110.289072,74.685171
2024-10-04,C00177,1,2,39.081269999999996,0.0,39.081269999999996,1,-0.0,39.081269999999996,38.941388
2024-10-05,C00177,1,4,38.801506,0.0,38.801506,2,-0.0,38.801506,38.801506
2024-10-02,C00178,1,7,581.148106,0.0,581.148106,1,-0.0,581.148106,66.32318400000001
2024-10-03,C00178,1,4,66.32318400000001,0.0,66.32318400000001,1,-0.0,66.32318400000001,62.4668575
2024-10-04,C00178,1,4,58.610530999999995,0.0,58.610530999999995,2,-0.0,58.610530999999995,58.610530999999995
2024-10-01,C00179,1,6,57.92,0.0,57.92,2,-0.0,57.92,
2024-10-01,C00180,1,6,147.71992,0.0,147.71992,3,-0.0,147.71992,159.95942999999997
2024-10-03,C00180,1,5,159.95942999999997,0.0,159.95942999999997,2,-0.0,159.95942999999997,159.95942999999997
2024-10-02,C00181,1,7,236.51589,0.0,236.51589,3,-0.0,236.51589,189.063195
2024-10-04,C00181,1,6,189.063195,0.0,189.063195,3,-0.0,189.063195,189.063195
2024-10-02,C00182,1,3,84.36,0.0,84.36,1,-0.0,84.36,65.53
2024-10-05,C00182,1,2,65.53,0.0,65.53,2,-0.0,65.53,65.53
2024-10-01,C00183,1,1,11.41048,0.0,11.41048,1,-0.0,11.41048,49.042272
2024-10-03,C00183,1,5,59.441556000000006,-10.399284,49.042272,3,0.17494972708991666,49.042272,92.862106
2024-10-05,C00183,1,7,136.68194,0.0,136.68194,4,-0.0,136.68194,136.68194
2024-10-01,C00184,1,10,432.05999999999995,0.0,432.05999999999995,3,-0.0,432.05999999999995,57.57000000000001
2024-10-02,C00184,1,4,57.57000000000001,0.0,57.57000000000001,2,-0.0,57.57000000000001,93.20500000000001
2024-10-03,C00184,1,5,128.84,0.0,128.84,3,-0.0,128.84,128.84
2024-10-01,C00185,1,4,73.46,0.0,73.46,2,-0.0,73.46,21.16
2024-10-04,C00185,1,2,21.16,0.0,21.16,2,-0.0,21.16,41.705
2024-10-05,C00185,1,2,62.25,0.0,62.25,2,-0.0,62.25,62.25
2024-10-01,C00186,1,3,58.75583999999999,0.0,58.75583999999999,1,-0.0,58.75583999999999,243.920116
2024-10-02,C00186,1,8,243.920116,0.0,243.920116,3,-0.0,243.920116,243.920116
2024-10-01,C00188,1,5,102.11730899999999,0.0,102.11730899999999,3,-0.0,102.11730899999999,70.611165
2024-10-04,C00188,1,4,70.611165,0.0,70.611165,2,-0.0,70.611165,70.611165
2024-10-01,C00189,1,5,226.36919999999998,0.0,226.36919999999998,2,-0.0,226.36919999999998,206.046585
2024-10-04,C00189,1,7,206.046585,0.0,206.046585,3,-0.0,206.046585,131.9726275
2024-10-05,C00189,1,6,69.25575,-11.35708,57.89867000000001,2,0.16398753894080995,57.89867000000001,57.89867000000001
2024-10-03,C00190,1,7,221.78745400000003,0.0,221.787454,3,-0.0,221.787454,155.268032
2024-10-05,C00190,1,9,155.26803199999998,0.0,155.268032,3,-0.0,155.268032,155.268032
2024-10-01,C00191,1,6,195.19,0.0,195.19000000000003,3,-0.0,195.19000000000003,33.13
2024-10-05,C00191,1,3,33.13,0.0,33.13,2,-0.0,33.13,33.13
2024-10-04,C00192,1,4,113.63999999999999,0.0,113.63999999999999,2,-0.0,113.63999999999999,
2024-10-02,C00193,1,1,7.282858,0.0,7.282858,1,-0.0,7.282858,
2024-10-02,C00194,1,1,23.466036000000003,0.0,23.466036000000003,1,-0.0,23.466036000000003,36.113124
2024-10-04,C00194,1,1,36.113124,0.0,36.113124,1,-0.0,36.113124,36.113124
2024-10-03,C00195,1,5,176.99274,0.0,176.99274,3,-0.0,176.99274,116.35829
2024-10-05,C00195,1,8,116.35829000000001,0.0,116.35829,3,-0.0,116.35829,116.35829
2024-10-03,C00196,1,1,23.556342,0.0,23.556342,1,-0.0,23.556342,
2024-10-01,C00197,1,8,145.70000000000002,0.0,145.70000000000002,3,-0.0,145.70000000000002,384.84000000000003
2024-10-02,C00197,1,12,384.84000000000003,0.0,384.84000000000003,4,-0.0,384.84000000000003,268.48
2024-10-05,C00197,1,3,152.12,0.0,152.12,2,-0.0,152.12,152.12
2024-10-03,C00198,1,5,210.77103000000002,0.0,210.77103000000002,3,-0.0,210.77103000000002,67.12366
2024-10-05,C00198,1,3,67.12366,0.0,67.12366,2,-0.0,67.12366,67.12366
2024-10-02,C00199,1,2,23.58,0.0,23.58,1,-0.0,23.58,108.8
2024-10-04,C00199,1,5,108.80000000000001,0.0,108.8,3,-0.0,108.8,108.8
2024-10-03,C00200,1,3,49.246224,0.0,49.246224,2,-0.0,49.246224,
2024-10-05,C00202,1,12,201.27748999999997,0.0,201.27749,5,-0.0,201.27749,
2024-10-01,C00203,1,3,36.365207999999996,0.0,36.365207999999996,2,-0.0,36.365207999999996,224.15926199999998
2024-10-03,C00203,1,7,224.15926199999998,0.0,224.15926199999998,3,-0.0,224.15926199999998,200.39586599999998
2024-10-04,C00203,1,8,176.63246999999998,0.0,176.63246999999998,3,-0.0,176.63246999999998,176.63246999999998
2024-10-03,C00204,1,7,276.85,0.0,276.85,3,-0.0,276.85,13.73
2024-10-04,C00204,1,1,13.73,0.0,13.73,1,-0.0,13.73,13.73
2024-10-03,C00205,1,8,439.75,0.0,439.75,3,-0.0,439.75,24.2
2024-10-04,C00205,1,1,24.2,0.0,24.2,1,-0.0,24.2,24.2
2024-10-01,C00207,1,3,82.33863999999998,0.0,82.33863999999998,2,-0.0,82.33863999999998,41.96843200000001
2024-10-02,C00207,1,2,41.96843200000001,0.0,41.96843200000001,2,-0.0,41.96843200000001,41.96843200000001
2024-10-01,C00208,1,2,42.1,0.0,42.1,1,-0.0,42.1,246.61
2024-10-02,C00208,1,9,246.61,0.0,246.61,5,-0.0,246.61,182.60000000000002
2024-10-05,C00208,1,5,118.58999999999999,0.0,118.59,3,-0.0,118.59,118.59
2024-10-01,C00210,1,4,96.89920000000001,0.0,96.89920000000001,2,-0.0,96.89920000000001,11.673112
2024-10-02,C00210,1,2,11.673112,0.0,11.673112,1,-0.0,11.673112,28.7349325
2024-10-04,C00210,1,4,45.796752999999995,0.0,45.796752999999995,2,-0.0,45.796752999999995,94.3418315
2024-10-05,C00210,1,5,142.88691,0.0,142.88691,3,-0.0,142.88691,142.88691
2024-10-01,C00211,1,7,210.41,0.0,210.41,3,-0.0,210.41,276.89000000000004
2024-10-02,C00211,1,11,276.89,0.0,276.89000000000004,5,-0.0,276.89000000000004,180.63500000000002
2024-10-03,C00211,1,3,84.38,0.0,84.38,2,-0.0,84.38,112.005
2024-10-04,C00211,1,8,139.63,0.0,139.63,4,-0.0,139.63,139.63
2024-10-01,C00212,1,10,465.26168,0.0,465.26168,3,-0.0,465.26168,119.95748600000002
2024-10-02,C00212,1,6,119.95748600000002,0.0,119.95748600000002,3,-0.0,119.95748600000002,100.0110205
2024-10-04,C00212,1,4,80.06455499999998,0.0,80.06455499999998,2,-0.0,80.06455499999998,80.06455499999998
2024-10-01,C00213,1,2,16.65776,0.0,16.65776,1,-0.0,16.65776,102.07179
2024-10-03,C00213,1,4,102.07179,0.0,102.07179,3,-0.0,102.07179,65.43504999999999
2024-10-05,C00213,1,1,28.798309999999997,0.0,28.798309999999997,1,-0.0,28.798309999999997,28.798309999999997
2024-10-03,C00214,1,5,80.8,0.0,80.8,2,-0.0,80.8,86.88
2024-10-05,C00214,1,6,86.88,0.0,86.88,2,-0.0,86.88,86.88
2024-10-01,C00218,1,7,108.57322499999998,0.0,108.57322499999998,2,-0.0,108.57322499999998,
2024-10-02,C00219,1,2,11.005588,0.0,11.005588,1,-0.0,11.005588,
2024-10-01,C00220,1,7,162.25480000000002,0.0,162.2548,5,-0.0,162.2548,60.86975700000001
2024-10-04,C00220,1,3,60.86975700000001,0.0,60.86975700000001,1,-0.0,60.86975700000001,179.6993585
2024-10-05,C00220,1,12,298.52896,0.0,298.52896,4,-0.0,298.52896,298.52896
2024-10-01,C00221,1,3,34.68512,0.0,34.68512,2,-0.0,34.68512,110.90862
2024-10-03,C00221,1,6,110.90862,0.0,110.90862,2,-0.0,110.90862,139.1049
2024-10-05,C00221,1,6,167.30118,0.0,167.30118,1,-0.0,167.30118,167.30118
2024-10-02,C00222,1,2,37.466924,0.0,37.466924,1,-0.0,37.466924,
2024-10-01,C00223,1,6,174.083619,0.0,174.083619,3,-0.0,174.083619,
2024-10-02,C00224,1,5,91.67,-21.96,69.71000000000001,3,0.23955492527544453,69.71000000000001,110.85
2024-10-03,C00224,1,5,110.85,0.0,110.85,3,-0.0,110.85,110.85
2024-10-03,C00225,1,10,263.64490199999995,0.0,263.644902,3,-0.0,263.644902,32.9666
2024-10-05,C00225,1,2,32.9666,0.0,32.9666,2,-0.0,32.9666,32.9666
2024-10-05,C00226,1,4,62.225028,0.0,62.225028,3,-0.0,62.225028,
2024-10-04,C00227,1,5,120.61288499999998,0.0,120.61288499999998,2,-0.0,120.61288499999998,19.710793
2024-10-05,C00227,1,1,19.710793,0.0,19.710793,1,-0.0,19.710793,19.710793
2024-10-01,C00228,1,2,20.8864,0.0,20.8864,2,-0.0,20.8864,146.307168
2024-10-03,C00228,1,9,146.307168,0.0,146.307168,4,-0.0,146.307168,164.083579
2024-10-05,C00228,1,5,181.85998999999998,0.0,181.85998999999998,5,-0.0,181.85998999999998,181.85998999999998
2024-10-02,C00229,1,5,57.059999999999995,0.0,57.059999999999995,2,-0.0,57.059999999999995,101.22
2024-10-04,C00229,1,4,101.22,0.0,101.22,3,-0.0,101.22,98.045
2024-10-05,C00229,1,5,94.87,0.0,94.87,3,-0.0,94.87,94.87
2024-10-02,C00230,1,11,560.515065,0.0,560.515065,5,-0.0,560.515065,
2024-10-01,C00231,1,4,120.09,0.0,120.09,2,-0.0,120.09,43.04
2024-10-03,C00231,1,3,43.04,0.0,43.04,2,-0.0,43.04,43.04
2024-10-04,C00232,1,5,125.352825,0.0,125.352825,2,-0.0,125.352825,
2024-10-04,C00233,1,1,24.48,0.0,24.48,1,-0.0,24.48,
2024-10-05,C00234,1,5,186.68,0.0,186.68,2,-0.0,186.68,
2024-10-02,C00235,1,10,350.09000000000003,0.0,350.09000000000003,3,-0.0,350.09000000000003,28.0
2024-10-03,C00235,1,2,28.0,0.0,28.0,2,-0.0,28.0,28.0
2024-10-04,C00236,1,3,95.611824,0.0,95.611824,2,-0.0,95.611824,
2024-10-02,C00237,1,5,155.37049000000002,0.0,155.37049000000002,1,-0.0,155.37049000000002,
2024-10-04,C00239,1,9,231.803486,0.0,231.803486,3,-0.0,231.803486,
2024-10-05,C00240,1,4,160.259676,0.0,160.259676,3,-0.0,160.259676,
2024-10-01,C00241,1,3,57.42,0.0,57.42,3,-0.0,57.42,
2024-10-01,C00242,1,7,123.95736,0.0,123.95736,4,-0.0,123.95736,65.577915
2024-10-04,C00242,1,3,65.577915,0.0,65.577915,2,-0.0,65.577915,114.16554250000002
2024-10-05,C00242,1,11,162.75317,0.0,162.75317,4,-0.0,162.75317,162.75317
2024-10-03,C00243,1,6,103.21000000000001,0.0,103.21000000000001,3,-0.0,103.21000000000001,105.69
2024-10-05,C00243,1,5,105.69,0.0,105.69,4,-0.0,105.69,105.69
2024-10-05,C00244,1,6,104.08643,-18.70984,85.37659000000001,4,0.17975292264323026,85.37659000000001,
2024-10-02,C00245,1,5,94.27,0.0,94.27,3,-0.0,94.27,
2024-10-04,C00246,1,4,72.985072,0.0,72.985072,1,-0.0,72.985072,
2024-10-01,C00247,1,2,28.38,0.0,28.38,1,-0.0,28.38,72.95
2024-10-02,C00247,1,2,72.95,0.0,72.95,2,-0.0,72.95,162.335
2024-10-05,C00247,1,13,251.72,0.0,251.72,4,-0.0,251.72,251.72
2024-10-01,C00248,1,7,74.90856,0.0,74.90856,2,-0.0,74.90856,
2024-10-03,C00249,1,2,18.350304,0.0,18.350304,1,-0.0,18.350304,98.26081500000001
2024-10-04,C00249,1,3,98.26081500000001,0.0,98.26081500000001,1,-0.0,98.26081500000001,191.07059500000003
2024-10-05,C00249,1,7,283.880375,0.0,283.880375,4,-0.0,283.880375,283.880375
2024-10-04,C00250,1,6,217.21337,0.0,217.21337,3,-0.0,217.21337,
2024-10-01,C00251,1,8,134.85999999999999,0.0,134.86,4,-0.0,134.86,207.32
2024-10-03,C00251,1,9,207.32,0.0,207.32,5,-0.0,207.32,207.32
2024-10-01,C00252,1,10,157.49939999999998,0.0,157.49939999999998,5,-0.0,157.49939999999998,
2024-10-01,C00253,1,2,21.828,0.0,21.828,1,-0.0,21.828,244.73312599999997
2024-10-02,C00253,1,13,244.73312599999997,0.0,244.73312599999997,5,-0.0,244.73312599999997,166.92638499999998
2024-10-03,C00253,1,2,89.119644,0.0,89.119644,1,-0.0,89.119644,89.119644
2024-10-01,C00254,1,4,64.676115,0.0,64.676115,2,-0.0,64.676115,-21.814392
2024-10-03,C00254,1,1,0.0,-21.814392,-21.814392,1,0.0,-21.814392,-21.814392
2024-10-02,C00255,1,3,23.671428,0.0,23.671428,2,-0.0,23.671428,45.797832
2024-10-03,C00255,1,2,45.797832,0.0,45.797832,1,-0.0,45.797832,102.851372
2024-10-04,C00255,1,11,159.90491200000002,0.0,159.904912,4,-0.0,159.904912,118.019386
2024-10-05,C00255,1,4,76.13386,0.0,76.13386,2,-0.0,76.13386,76.13386
2024-10-02,C00256,1,5,83.22655,0.0,83.22655,2,-0.0,83.22655,217.73075
2024-10-04,C00256,1,7,217.73075,0.0,217.73075,3,-0.0,217.73075,217.73075
2024-10-03,C00257,1,2,14.324472,0.0,14.324472,1,-0.0,14.324472,634.8886299999999
2024-10-04,C00257,1,15,634.8886299999999,0.0,634.8886299999999,5,-0.0,634.8886299999999,634.8886299999999
2024-10-01,C00258,1,3,150.54471999999998,0.0,150.54471999999998,2,-0.0,150.54471999999998,26.20068
2024-10-05,C00258,1,2,26.20068,0.0,26.20068,1,-0.0,26.20068,26.20068
2024-10-01,C00259,1,5,158.98083,0.0,158.98083,2,-0.0,158.98083,25.33375
2024-10-02,C00259,1,2,25.33375,0.0,25.33375,1,-0.0,25.33375,25.33375
2024-10-01,C00260,1,8,278.55951999999996,0.0,278.55952,4,-0.0,278.55952,182.89558999999997
2024-10-05,C00260,1,9,182.89558999999997,0.0,182.89558999999997,3,-0.0,182.89558999999997,182.89558999999997
2024-10-04,C00261,1,13,355.36,0.0,355.36,4,-0.0,355.36,23.04
2024-10-05,C00261,1,2,23.04,0.0,23.04,2,-0.0,23.04,23.04
2024-10-01,C00262,1,2,26.84,0.0,26.84,1,-0.0,26.84,
2024-10-02,C00263,1,2,106.71826,0.0,106.71826,1,-0.0,106.71826,
2024-10-01,C00265,1,10,399.83016,0.0,399.83016,3,-0.0,399.83016,99.24144
2024-10-03,C00265,1,7,99.24144,0.0,99.24144,3,-0.0,99.24144,65.386254
2024-10-05,C00265,1,2,31.531068,0.0,31.531068,1,-0.0,31.531068,31.531068
2024-10-04,C00266,1,9,224.87921699999998,0.0,224.879217,4,-0.0,224.879217,
2024-10-02,C00267,1,6,123.22999999999999,0.0,123.22999999999999,4,-0.0,123.22999999999999,
2024-10-05,C00268,1,5,74.77,0.0,74.77,2,-0.0,74.77,
2024-10-05,C00269,1,7,140.052819,0.0,140.052819,3,-0.0,140.052819,
2024-10-02,C00270,1,5,99.69805,0.0,99.69805,1,-0.0,99.69805,16.334205
2024-10-04,C00270,1,1,16.334205,0.0,16.334205,1,-0.0,16.334205,96.183583
2024-10-05,C00270,1,8,176.032961,0.0,176.032961,4,-0.0,176.032961,176.032961
2024-10-01,C00271,1,2,52.567374,0.0,52.567374,1,-0.0,52.567374,84.121164
2024-10-03,C00271,1,3,84.121164,0.0,84.121164,1,-0.0,84.121164,192.4955895
2024-10-04,C00271,1,9,300.87001499999997,0.0,300.87001499999997,3,-0.0,300.87001499999997,300.87001499999997
2024-10-01,C00272,1,9,165.37999999999997,0.0,165.38,4,-0.0,165.38,
2024-10-01,C00273,1,6,139.6992,0.0,139.6992,2,-0.0,139.6992,79.435356
2024-10-02,C00273,1,6,79.435356,0.0,79.435356,1,-0.0,79.435356,87.03639050000001
2024-10-04,C00273,1,4,94.63742500000001,0.0,94.63742500000001,3,-0.0,94.63742500000001,66.42121750000001
2024-10-05,C00273,1,1,38.20501,0.0,38.20501,1,-0.0,38.20501,38.20501
2024-10-01,C00274,1,12,490.80472,-24.507279999999998,466.29744,4,0.04993285313148577,466.29744,
2024-10-02,C00276,1,6,177.14137499999998,0.0,177.14137499999998,3,-0.0,177.14137499999998,
2024-10-01,C00277,1,2,56.5,0.0,56.5,1,-0.0,56.5,124.25
2024-10-02,C00277,1,5,124.25,0.0,124.25,3,-0.0,124.25,71.805
2024-10-04,C00277,1,1,19.36,0.0,19.36,1,-0.0,19.36,19.36
2024-10-03,C00278,1,4,50.442504,0.0,50.442504,2,-0.0,50.442504,
2024-10-02,C00280,1,7,190.38,0.0,190.38,2,-0.0,190.38,217.3
2024-10-04,C00280,1,9,217.30000000000004,0.0,217.3,4,-0.0,217.3,173.075
2024-10-05,C00280,1,5,128.85,0.0,128.85,3,-0.0,128.85,128.85
2024-10-05,C00281,1,3,70.4208,0.0,70.4208,2,-0.0,70.4208,
2024-10-03,C00282,1,2,35.962056000000004,0.0,35.962056000000004,2,-0.0,35.962056000000004,325.75107099999997
2024-10-04,C00282,1,9,325.75107099999997,0.0,325.75107099999997,3,-0.0,325.75107099999997,197.7752555
2024-10-05,C00282,1,3,69.79944,0.0,69.79944,1,-0.0,69.79944,69.79944
2024-10-02,C00283,1,8,196.64572400000003,0.0,196.645724,4,-0.0,196.645724,159.045864
2024-10-03,C00283,1,4,159.045864,0.0,159.045864,2,-0.0,159.045864,159.045864
2024-10-01,C00284,1,9,155.06439999999998,0.0,155.06439999999998,3,-0.0,155.06439999999998,
2024-10-04,C00285,1,2,23.273476999999996,0.0,23.273476999999996,2,-0.0,23.273476999999996,
2024-10-02,C00289,1,3,50.34,0.0,50.34,1,-0.0,50.34,84.96
2024-10-03,C00289,1,4,84.96,0.0,84.96,3,-0.0,84.96,84.96
2024-10-01,C00290,1,9,256.28,-15.36,240.91999999999996,4,0.059934446698923054,240.91999999999996,17.53
2024-10-02,C00290,1,1,17.53,0.0,17.53,1,-0.0,17.53,59.395
2024-10-04,C00290,1,5,101.26,0.0,101.26,2,-0.0,101.26,101.26
2024-10-04,C00291,1,4,101.43626499999999,0.0,101.43626499999999,2,-0.0,101.43626499999999,
2024-10-02,C00292,1,5,172.65765000000002,0.0,172.65765000000002,2,-0.0,172.65765000000002,80.357737
2024-10-04,C00292,1,7,104.68321999999999,-24.325483,80.357737,4,0.23237232289950577,80.357737,85.13253850000001
2024-10-05,C00292,1,3,89.90734,0.0,89.90734,3,-0.0,89.90734,89.90734
2024-10-01,C00294,1,3,75.94,0.0,75.94,2,-0.0,75.94,315.14
2024-10-04,C00294,1,8,315.14,0.0,315.14,3,-0.0,315.14,209.035
2024-10-05,C00294,1,9,102.92999999999999,0.0,102.93,5,-0.0,102.93,102.93
2024-10-05,C00295,1,3,45.924675,0.0,45.924675,1,-0.0,45.924675,
2024-10-03,C00296,1,7,406.843092,0.0,406.843092,4,-0.0,406.843092,
2024-10-01,C00297,1,7,132.84264000000002,0.0,132.84264000000002,1,-0.0,132.84264000000002,237.723534
2024-10-03,C00297,1,10,237.723534,0.0,237.723534,5,-0.0,237.723534,186.50057900000002
2024-10-04,C00297,1,5,135.277624,0.0,135.277624,3,-0.0,135.277624,123.315257
2024-10-05,C00297,1,5,111.35289,0.0,111.35289,2,-0.0,111.35289,111.35289
2024-10-01,C00298,1,4,133.1936,0.0,133.1936,1,-0.0,133.1936,23.19218
2024-10-02,C00298,1,1,23.19218,0.0,23.19218,1,-0.0,23.19218,58.004389
2024-10-03,C00298,1,7,92.816598,0.0,92.816598,2,-0.0,92.816598,97.827248
2024-10-04,C00298,1,6,102.837898,0.0,102.837898,3,-0.0,102.837898,178.758914
2024-10-05,C00298,1,5,254.67993,0.0,254.67993,2,-0.0,254.67993,254.67993
2024-10-01,C00299,1,1,18.4468,0.0,18.4468,1,-0.0,18.4468,51.56952
2024-10-03,C00299,1,4,51.56952,0.0,51.56952,2,-0.0,51.56952,51.56952
2024-10-02,C00300,1,7,290.870425,0.0,290.870425,3,-0.0,290.870425,76.21854499999999
2024-10-04,C00300,1,4,76.21854499999999,0.0,76.21854499999999,2,-0.0,76.21854499999999,76.21854499999999
2024-10-03,C00301,1,4,68.73562,0.0,68.73562,3,-0.0,68.73562,237.841205
2024-10-04,C00301,1,9,237.841205,0.0,237.841205,4,-0.0,237.841205,237.841205
2024-10-01,C00302,1,2,55.82,0.0,55.82,1,-0.0,55.82,91.71000000000001
2024-10-04,C00302,1,7,91.71000000000001,0.0,91.71000000000001,3,-0.0,91.71000000000001,71.67500000000001
2024-10-05,C00302,1,1,51.64,0.0,51.64,1,-0.0,51.64,51.64
2024-10-02,C00303,1,6,223.3,-67.88,155.42000000000002,4,0.30398566950291084,155.42000000000002,87.11000000000001
2024-10-04,C00303,1,3,87.11000000000001,0.0,87.11000000000001,2,-0.0,87.11000000000001,87.11000000000001
2024-10-01,C00304,1,2,21.639680000000002,0.0,21.639680000000002,1,-0.0,21.639680000000002,334.13462999999996
2024-10-03,C00304,1,10,334.13462999999996,0.0,334.13462999999996,3,-0.0,334.13462999999996,334.13462999999996
2024-10-02,C00306,1,2,35.669744,0.0,35.669744,1,-0.0,35.669744,
2024-10-01,C00308,1,1,30.720179999999996,0.0,30.720179999999996,1,-0.0,30.720179999999996,207.05858499999997
2024-10-02,C00308,1,12,207.05858499999994,0.0,207.05858499999997,5,-0.0,207.05858499999997,205.55958099999998
2024-10-05,C00308,1,8,204.06057700000002,0.0,204.06057700000002,3,-0.0,204.06057700000002,204.06057700000002
2024-10-02,C00309,1,1,8.789066,0.0,8.789066,1,-0.0,8.789066,74.787279
2024-10-04,C00309,1,5,74.787279,0.0,74.787279,4,-0.0,74.787279,74.787279
2024-10-02,C00310,1,7,158.36579,0.0,158.36579,3,-0.0,158.36579,
2024-10-03,C00311,1,12,695.582322,0.0,695.582322,4,-0.0,695.582322,
2024-10-05,C00312,1,2,22.12,0.0,22.12,1,-0.0,22.12,
2024-10-03,C00314,1,4,143.89999999999998,0.0,143.89999999999998,2,-0.0,143.89999999999998,294.37
2024-10-04,C00314,1,11,294.37,0.0,294.37,5,-0.0,294.37,294.37
2024-10-02,C00315,1,6,213.79595600000002,0.0,213.79595600000002,3,-0.0,213.79595600000002,13.046599
2024-10-04,C00315,1,1,13.046599,0.0,13.046599,1,-0.0,13.046599,13.046599
2024-10-02,C00316,1,3,72.931276,0.0,72.931276,2,-0.0,72.931276,
2024-10-01,C00317,1,4,114.91,0.0,114.91,2,-0.0,114.91,52.31
2024-10-05,C00317,1,1,52.31,0.0,52.31,1,-0.0,52.31,52.31
2024-10-03,C00318,1,4,154.862244,0.0,154.862244,2,-0.0,154.862244,134.889589
2024-10-04,C00318,1,3,134.889589,0.0,134.889589,2,-0.0,134.889589,117.0543495
2024-10-05,C00318,1,2,99.21911,0.0,99.21911,2,-0.0,99.21911,99.21911
2024-10-01,C00319,1,1,30.96152,0.0,30.96152,1,-0.0,30.96152,294.40646599999997
2024-10-04,C00319,1,8,317.964502,-23.558035999999998,294.40646599999997,4,0.07409014481748658,294.40646599999997,294.40646599999997
2024-10-01,C00320,1,9,517.276371,0.0,517.276371,3,-0.0,517.276371,214.44577199999998
2024-10-03,C00320,1,5,214.44577199999998,0.0,214.44577199999998,3,-0.0,214.44577199999998,171.04943099999997
2024-10-04,C00320,1,9,127.65308999999999,0.0,127.65308999999999,3,-0.0,127.65308999999999,118.42846449999999
2024-10-05,C00320,1,7,109.20383899999999,0.0,109.203839,5,-0.0,109.203839,109.203839
2024-10-03,C00321,1,1,11.39,0.0,11.39,1,-0.0,11.39,
2024-10-01,C00322,1,14,434.29159999999996,0.0,434.29159999999996,5,-0.0,434.29159999999996,246.090774
2024-10-03,C00322,1,3,246.090774,0.0,246.090774,2,-0.0,246.090774,143.042124
2024-10-04,C00322,1,2,39.993474,0.0,39.993474,1,-0.0,39.993474,39.993474
2024-10-04,C00323,1,8,185.24491,0.0,185.24491,4,-0.0,185.24491,
2024-10-01,C00324,1,4,44.255199999999995,-55.434560000000005,-11.179360000000008,3,1.2526112185686655,-11.179360000000008,181.953923
2024-10-04,C00324,1,10,181.953923,0.0,181.953923,5,-0.0,181.953923,181.953923
2024-10-04,C00325,1,1,25.287425,0.0,25.287425,1,-0.0,25.287425,
2024-10-02,C00326,1,5,67.377134,0.0,67.377134,4,-0.0,67.377134,100.06536
2024-10-03,C00326,1,6,100.06536,0.0,100.06536,3,-0.0,100.06536,100.06536
2024-10-03,C00327,1,3,47.053862,0.0,47.053862,2,-0.0,47.053862,45.157326
2024-10-05,C00327,1,2,45.157326,0.0,45.157326,2,-0.0,45.157326,45.157326
2024-10-02,C00328,1,6,109.58211,0.0,109.58211,2,-0.0,109.58211,
2024-10-01,C00329,1,2,60.32232,0.0,60.32232,2,-0.0,60.32232,
2024-10-02,C00330,1,2,46.64528,0.0,46.64528,1,-0.0,46.64528,
2024-10-01,C00331,1,5,118.74000000000001,0.0,118.74000000000001,2,-0.0,118.74000000000001,620.54
2024-10-05,C00331,1,16,620.54,0.0,620.54,5,-0.0,620.54,620.54
2024-10-01,C00332,1,5,68.64,0.0,68.64,2,-0.0,68.64,80.93
2024-10-03,C00332,1,5,80.93,0.0,80.93,3,-0.0,80.93,80.93
2024-10-03,C00333,1,2,26.792244,0.0,26.792244,1,-0.0,26.792244,25.311790000000002
2024-10-05,C00333,1,6,53.44559,-28.1338,25.311790000000002,4,0.5264007750686258,25.311790000000002,25.311790000000002
2024-10-03,C00334,1,4,99.05787600000001,0.0,99.05787600000001,3,-0.0,99.05787600000001,327.99177999999995
2024-10-05,C00334,1,9,327.99178,0.0,327.99177999999995,3,-0.0,327.99177999999995,327.99177999999995
2024-10-02,C00335,1,4,29.319708,0.0,29.319708,2,-0.0,29.319708,18.032256
2024-10-03,C00335,1,1,18.032256,0.0,18.032256,1,-0.0,18.032256,15.267803
2024-10-04,C00335,1,1,12.50335,0.0,12.50335,1,-0.0,12.50335,40.271134999999994
2024-10-05,C00335,1,2,68.03891999999999,0.0,68.03891999999999,2,-0.0,68.03891999999999,68.03891999999999
2024-10-01,C00336,1,4,109.7,0.0,109.69999999999999,3,-0.0,109.69999999999999,
2024-10-03,C00337,1,7,55.74,-28.38,27.360000000000003,3,0.5091496232508073,27.360000000000003,404.46999999999997
2024-10-04,C00337,1,8,404.47,0.0,404.46999999999997,3,-0.0,404.46999999999997,404.46999999999997
2024-10-01,C00338,1,1,20.09,0.0,20.09,1,-0.0,20.09,115.75999999999999
2024-10-05,C00338,1,7,115.75999999999999,0.0,115.75999999999999,2,-0.0,115.75999999999999,115.75999999999999
2024-10-03,C00339,1,1,10.556106,0.0,10.556106,1,-0.0,10.556106,124.977124
2024-10-05,C00339,1,5,124.977124,0.0,124.977124,3,-0.0,124.977124,124.977124
2024-10-04,C00340,1,10,246.918345,-25.148014999999997,221.77033,3,0.1018474953734199,221.77033,
2024-10-04,C00341,1,11,225.588615,0.0,225.588615,3,-0.0,225.588615,297.460127
2024-10-05,C00341,1,10,297.460127,0.0,297.460127,5,-0.0,297.460127,297.460127
2024-10-02,C00342,1,3,29.99516,0.0,29.99516,2,-0.0,29.99516,95.356044
2024-10-03,C00342,1,8,95.356044,0.0,95.356044,3,-0.0,95.356044,90.63179199999999
2024-10-04,C00342,1,3,85.90753999999998,0.0,85.90753999999998,2,-0.0,85.90753999999998,85.90753999999998
2024-10-01,C00343,1,8,164.78856,0.0,164.78856,3,-0.0,164.78856,129.94835999999998
2024-10-03,C00343,1,4,129.94835999999998,0.0,129.94835999999998,1,-0.0,129.94835999999998,129.94835999999998
2024-10-04,C00344,1,5,141.17000000000002,0.0,141.17000000000002,3,-0.0,141.17000000000002,74.49
2024-10-05,C00344,1,3,74.49,0.0,74.49,1,-0.0,74.49,74.49
2024-10-03,C00345,1,4,99.91241200000002,0.0,99.91241200000002,3,-0.0,99.91241200000002,
2024-10-02,C00346,1,5,88.669438,0.0,88.669438,3,-0.0,88.669438,
2024-10-03,C00347,1,5,52.023736,-11.952664,40.071072,3,0.22975404919016199,40.071072,
2024-10-04,C00348,1,6,112.400805,0.0,112.40080499999999,4,-0.0,112.40080499999999,
2024-10-02,C00349,1,3,118.28011799999999,0.0,118.28011799999999,2,-0.0,118.28011799999999,58.254774
2024-10-03,C00349,1,3,58.254774,0.0,58.254774,2,-0.0,58.254774,58.254774
2024-10-01,C00350,1,1,7.592719999999999,0.0,7.592719999999999,1,-0.0,7.592719999999999,
2024-10-01,C00351,1,4,106.22999999999999,0.0,106.22999999999999,2,-0.0,106.22999999999999,86.14
2024-10-04,C00351,1,3,86.14,0.0,86.14,2,-0.0,86.14,133.19
2024-10-05,C00351,1,8,180.23999999999998,0.0,180.24,3,-0.0,180.24,180.24
2024-10-02,C00352,1,1,8.47242,0.0,8.47242,1,-0.0,8.47242,
2024-10-01,C00353,1,1,24.365624999999998,0.0,24.365624999999998,1,-0.0,24.365624999999998,
2024-10-04,C00354,1,3,135.09,0.0,135.09,1,-0.0,135.09,
2024-10-01,C00355,1,7,219.43097099999997,0.0,219.43097099999997,4,-0.0,219.43097099999997,43.012809999999995
2024-10-02,C00355,1,2,43.012809999999995,0.0,43.012809999999995,1,-0.0,43.012809999999995,43.012809999999995
2024-10-04,C00356,1,2,68.06996199999999,0.0,68.06996199999999,1,-0.0,68.06996199999999,
2024-10-01,C00358,1,1,49.56,0.0,49.56,1,-0.0,49.56,
2024-10-04,C00359,1,4,124.80067899999999,0.0,124.80067899999999,3,-0.0,124.80067899999999,62.48983
2024-10-05,C00359,1,3,62.48983,0.0,62.48983,3,-0.0,62.48983,62.48983
2024-10-02,C00360,1,7,119.58000000000001,0.0,119.58000000000001,3,-0.0,119.58000000000001,
2024-10-02,C00361,1,1,7.46,0.0,7.46,1,-0.0,7.46,122.82
2024-10-03,C00361,1,7,122.82,0.0,122.82,3,-0.0,122.82,113.99
2024-10-05,C00361,1,4,105.16,0.0,105.16,2,-0.0,105.16,105.16
2024-10-02,C00362,1,9,237.84,0.0,237.83999999999997,3,-0.0,237.83999999999997,80.03
2024-10-04,C00362,1,5,80.03,0.0,80.03,3,-0.0,80.03,80.03
2024-10-03,C00363,1,2,66.54,0.0,66.54,1,-0.0,66.54,296.07
2024-10-04,C00363,1,9,296.07,0.0,296.07,3,-0.0,296.07,296.07
2024-10-02,C00365,1,3,136.89000000000001,0.0,136.89000000000001,1,-0.0,136.89000000000001,84.78999999999999
2024-10-04,C00365,1,5,95.36,-10.57,84.78999999999999,2,0.11084312080536914,84.78999999999999,84.78999999999999
2024-10-01,C00366,1,7,177.8768,0.0,177.8768,4,-0.0,177.8768,141.737596
2024-10-02,C00366,1,5,141.737596,0.0,141.737596,3,-0.0,141.737596,125.57436799999999
2024-10-05,C00366,1,11,109.41113999999999,0.0,109.41114,3,-0.0,109.41114,109.41114
2024-10-01,C00367,1,7,175.22,0.0,175.22,3,-0.0,175.22,241.69000000000003
2024-10-02,C00367,1,9,241.69000000000003,0.0,241.69000000000003,3,-0.0,241.69000000000003,241.69000000000003
2024-10-01,C00368,1,5,139.17000000000002,0.0,139.17000000000002,2,-0.0,139.17000000000002,114.6
2024-10-04,C00368,1,6,114.6,0.0,114.6,3,-0.0,114.6,114.6
2024-10-01,C00369,1,5,95.11872,0.0,95.11872,3,-0.0,95.11872,251.153808
2024-10-03,C00369,1,11,251.153808,0.0,251.153808,4,-0.0,251.153808,178.685924
2024-10-05,C00369,1,7,139.94408,-33.72604,106.21804,5,0.24099654662062156,106.21804,106.21804
2024-10-03,C00370,1,8,174.288878,0.0,174.288878,4,-0.0,174.288878,
2024-10-02,C00371,1,2,21.754436000000002,0.0,21.754436000000002,1,-0.0,21.754436000000002,
2024-10-05,C00372,1,5,149.39,0.0,149.39,3,-0.0,149.39,
2024-10-01,C00374,1,11,274.65,0.0,274.65,5,-0.0,274.65,23.84
2024-10-04,C00374,1,1,23.84,0.0,23.84,1,-0.0,23.84,23.84
2024-10-01,C00375,1,1,6.78,0.0,6.78,1,-0.0,6.78,145.45000000000002
2024-10-02,C00375,1,6,145.45000000000002,0.0,145.45000000000002,4,-0.0,145.45000000000002,92.91000000000001
2024-10-04,C00375,1,2,40.370000000000005,0.0,40.370000000000005,2,-0.0,40.370000000000005,40.370000000000005
2024-10-02,C00376,1,4,44.17999999999999,0.0,44.18,3,-0.0,44.18,60.44
2024-10-03,C00376,1,4,60.44,0.0,60.44,2,-0.0,60.44,60.44
2024-10-02,C00377,1,9,155.18,0.0,155.18,4,-0.0,155.18,11.139999999999999
2024-10-03,C00377,1,3,39.25,-28.11,11.139999999999999,3,0.7161783439490446,11.139999999999999,11.139999999999999
2024-10-02,C00378,1,5,82.57,0.0,82.57,3,-0.0,82.57,
2024-10-01,C00379,1,1,22.83,0.0,22.83,1,-0.0,22.83,95.27000000000001
2024-10-03,C00379,1,4,95.27000000000001,0.0,95.27000000000001,3,-0.0,95.27000000000001,95.27000000000001
2024-10-02,C00380,1,9,278.54652999999996,0.0,278.54652999999996,2,-0.0,278.54652999999996,176.62978800000002
2024-10-05,C00380,1,5,176.62978800000002,0.0,176.62978800000002,4,-0.0,176.62978800000002,176.62978800000002
2024-10-02,C00381,1,5,253.26,0.0,253.26,3,-0.0,253.26,
2024-10-01,C00383,1,1,27.36747,0.0,27.36747,1,-0.0,27.36747,80.641472
2024-10-03,C00383,1,4,80.641472,0.0,80.641472,4,-0.0,80.641472,79.013728
2024-10-05,C00383,1,3,77.38598400000001,0.0,77.38598400000001,1,-0.0,77.38598400000001,77.38598400000001
2024-10-01,C00384,1,3,31.9716,0.0,31.9716,1,-0.0,31.9716,36.201119999999996
2024-10-03,C00384,1,1,36.201119999999996,0.0,36.201119999999996,1,-0.0,36.201119999999996,97.389045
2024-10-04,C00384,1,5,158.57697,0.0,158.57697,3,-0.0,158.57697,158.57697
2024-10-02,C00385,1,3,82.55999999999999,0.0,82.55999999999999,2,-0.0,82.55999999999999,144.33
2024-10-03,C00385,1,5,144.32999999999998,0.0,144.33,3,-0.0,144.33,144.33
2024-10-02,C00386,1,5,121.600622,0.0,121.600622,3,-0.0,121.600622,
2024-10-01,C00387,1,12,230.98304,0.0,230.98304,4,-0.0,230.98304,
2024-10-05,C00388,1,5,85.1,0.0,85.1,2,-0.0,85.1,
2024-10-01,C00389,1,6,225.28207999999998,0.0,225.28208,3,-0.0,225.28208,36.166968
2024-10-03,C00389,1,2,36.166968,0.0,36.166968,2,-0.0,36.166968,50.24296249999999
2024-10-04,C00389,1,3,64.31895699999998,0.0,64.31895699999998,2,-0.0,64.31895699999998,43.930798499999995
2024-10-05,C00389,1,2,23.542640000000002,0.0,23.542640000000002,1,-0.0,23.542640000000002,23.542640000000002
2024-10-01,C00390,1,12,438.71711999999997,0.0,438.71712,4,-0.0,438.71712,
2024-10-02,C00391,1,7,250.16000000000003,0.0,250.16,3,-0.0,250.16,24.95
2024-10-05,C00391,1,1,24.95,0.0,24.95,1,-0.0,24.95,24.95
2024-10-04,C00392,1,1,28.71,0.0,28.71,1,-0.0,28.71,
2024-10-01,C00393,1,5,148.4304,0.0,148.4304,2,-0.0,148.4304,208.70394599999997
2024-10-02,C00393,1,5,208.70394599999997,0.0,208.70394599999997,2,-0.0,208.70394599999997,155.174418
2024-10-03,C00393,1,4,101.64489,0.0,101.64489,3,-0.0,101.64489,138.70605
2024-10-05,C00393,1,7,175.76721,0.0,175.76721,4,-0.0,175.76721,175.76721
2024-10-05,C00394,1,4,133.28172,0.0,133.28172,1,-0.0,133.28172,
2024-10-01,C00395,1,5,144.12,0.0,144.12,3,-0.0,144.12,
2024-10-04,C00396,1,7,128.56,0.0,128.56,3,-0.0,128.56,60.18
2024-10-05,C00396,1,1,60.18,0.0,60.18,1,-0.0,60.18,60.18
2024-10-03,C00397,1,6,117.006594,0.0,117.006594,3,-0.0,117.006594,132.960654
2024-10-05,C00397,1,8,132.960654,0.0,132.960654,4,-0.0,132.960654,132.960654
2024-10-01,C00398,1,7,110.82655799999998,0.0,110.82655799999998,4,-0.0,110.82655799999998,261.483275
2024-10-02,C00398,1,10,261.483275,0.0,261.483275,5,-0.0,261.483275,177.964605
2024-10-05,C00398,1,5,94.44593499999999,0.0,94.44593499999999,1,-0.0,94.44593499999999,94.44593499999999
2024-10-03,C00400,1,3,95.753946,0.0,95.753946,1,-0.0,95.753946,169.809125
2024-10-04,C00400,1,4,169.809125,0.0,169.809125,3,-0.0,169.809125,88.46614699999999
2024-10-05,C00400,1,1,7.123169,0.0,7.123169,1,-0.0,7.123169,7.123169
2024-10-04,C00401,1,4,61.959999999999994,-26.278785,35.681214999999995,3,0.42412500000000003,35.681214999999995,
2024-10-03,C00402,1,2,24.008856,0.0,24.008856,1,-0.0,24.008856,
2024-10-01,C00403,1,1,24.34,0.0,24.34,1,-0.0,24.34,85.95
2024-10-03,C00403,1,4,85.95,0.0,85.95,3,-0.0,85.95,181.01
2024-10-05,C00403,1,12,276.07,0.0,276.07,5,-0.0,276.07,276.07
2024-10-01,C00404,1,1,17.1,0.0,17.1,1,-0.0,17.1,214.44
2024-10-02,C00404,1,4,214.44,0.0,214.44,2,-0.0,214.44,214.44
2024-10-02,C00405,1,9,201.22425399999997,0.0,201.224254,4,-0.0,201.224254,
2024-10-03,C00407,1,3,33.220916,0.0,33.220916,2,-0.0,33.220916,
2024-10-01,C00408,1,6,79.35006899999999,0.0,79.35006899999999,3,-0.0,79.35006899999999,13.24395
2024-10-04,C00408,1,1,13.24395,0.0,13.24395,1,-0.0,13.24395,60.999115499999995
2024-10-05,C00408,1,3,108.75428099999999,0.0,108.75428099999999,1,-0.0,108.75428099999999,108.75428099999999
2024-10-01,C00409,1,4,70.6,0.0,70.6,3,-0.0,70.6,
2024-10-03,C00410,1,4,216.10759799999997,0.0,216.107598,3,-0.0,216.107598,
2024-10-01,C00411,1,8,154.505352,0.0,154.505352,2,-0.0,154.505352,
2024-10-01,C00413,1,1,18.17,0.0,18.17,1,-0.0,18.17,394.96
2024-10-04,C00413,1,8,394.96,0.0,394.96,4,-0.0,394.96,214.82999999999998
2024-10-05,C00413,1,1,34.7,0.0,34.7,1,-0.0,34.7,34.7
2024-10-03,C00414,1,6,318.48544200000003,0.0,318.48544200000003,3,-0.0,318.48544200000003,25.058982999999998
2024-10-05,C00414,1,1,25.058982999999998,0.0,25.058982999999998,1,-0.0,25.058982999999998,25.058982999999998
2024-10-01,C00416,1,9,196.64999999999998,0.0,196.64999999999998,5,-0.0,196.64999999999998,59.69
2024-10-02,C00416,1,3,59.69,0.0,59.69,2,-0.0,59.69,91.4
2024-10-04,C00416,1,3,123.11,0.0,123.11,2,-0.0,123.11,127.16999999999999
2024-10-05,C00416,1,10,131.23,0.0,131.23,4,-0.0,131.23,131.23
2024-10-02,C00417,1,5,130.8,0.0,130.8,4,-0.0,130.8,107.2
2024-10-03,C00417,1,6,107.2,0.0,107.2,2,-0.0,107.2,140.19
2024-10-05,C00417,1,5,173.17999999999998,0.0,173.17999999999998,3,-0.0,173.17999999999998,173.17999999999998
2024-10-01,C00419,1,6,97.77000000000001,0.0,97.77,4,-0.0,97.77,
2024-10-03,C00421,1,6,88.21721400000001,0.0,88.21721400000001,3,-0.0,88.21721400000001,282.173585
2024-10-04,C00421,1,11,282.173585,0.0,282.173585,5,-0.0,282.173585,282.173585
2024-10-02,C00422,1,4,77.167486,0.0,77.167486,3,-0.0,77.167486,141.67007999999998
2024-10-05,C00422,1,6,141.67007999999998,0.0,141.67007999999998,2,-0.0,141.67007999999998,141.67007999999998
2024-10-02,C00423,1,7,108.93478200000001,0.0,108.93478200000001,2,-0.0,108.93478200000001,461.8565029999999
2024-10-04,C00423,1,11,461.8565029999999,0.0,461.8565029999999,4,-0.0,461.8565029999999,403.2477765
2024-10-05,C00423,1,9,344.63905,0.0,344.63905,3,-0.0,344.63905,344.63905
2024-10-02,C00426,1,9,284.52529499999997,0.0,284.52529499999997,3,-0.0,284.52529499999997,
2024-10-01,C00427,1,12,223.781697,0.0,223.78169699999998,4,-0.0,223.78169699999998,112.01414999999999
2024-10-02,C00427,1,9,112.01414999999999,0.0,112.01414999999999,2,-0.0,112.01414999999999,112.01414999999999
2024-10-02,C00429,1,6,92.05895000000001,0.0,92.05895,4,-0.0,92.05895,9.518604999999999
2024-10-04,C00429,1,1,9.518604999999999,0.0,9.518604999999999,1,-0.0,9.518604999999999,9.518604999999999
2024-10-05,C00430,1,4,39.85,-14.41,25.439999999999998,3,0.3616060225846926,25.439999999999998,
2024-10-01,C00431,1,4,68.86,0.0,68.86,3,-0.0,68.86,
2024-10-01,C00433,1,6,138.1156,0.0,138.1156,3,-0.0,138.1156,
2024-10-01,C00434,1,11,343.340895,0.0,343.340895,4,-0.0,343.340895,
2024-10-01,C00436,1,3,73.88992,0.0,73.88992,2,-0.0,73.88992,164.89341000000002
2024-10-05,C00436,1,9,164.89341000000002,0.0,164.89341000000002,3,-0.0,164.89341000000002,164.89341000000002
2024-10-01,C00437,1,9,272.02824,0.0,272.02824,4,-0.0,272.02824,
2024-10-01,C00438,1,3,137.66,0.0,137.66,2,-0.0,137.66,345.53999999999996
2024-10-03,C00438,1,11,345.53999999999996,0.0,345.53999999999996,4,-0.0,345.53999999999996,185.37499999999997
2024-10-05,C00438,1,2,25.21,0.0,25.21,2,-0.0,25.21,25.21
2024-10-04,C00439,1,2,19.06,0.0,19.06,1,-0.0,19.06,218.28
2024-10-05,C00439,1,9,218.28000000000003,0.0,218.28,3,-0.0,218.28,218.28
2024-10-04,C00440,1,8,352.72,0.0,352.72,3,-0.0,352.72,267.69
2024-10-05,C00440,1,11,267.69000000000005,0.0,267.69,5,-0.0,267.69,267.69
2024-10-01,C00441,1,7,140.45000000000002,0.0,140.45,3,-0.0,140.45,70.68
2024-10-02,C00441,1,4,70.68,0.0,70.68,2,-0.0,70.68,43.24
2024-10-03,C00441,1,2,15.8,0.0,15.8,1,-0.0,15.8,15.8
2024-10-04,C00442,1,4,95.83000000000001,0.0,95.83,3,-0.0,95.83,
2024-10-03,C00443,1,6,79.43,0.0,79.43,3,-0.0,79.43,
2024-10-01,C00444,1,11,239.88,0.0,239.88,4,-0.0,239.88,
2024-10-03,C00445,1,4,77.07000000000001,0.0,77.07000000000001,3,-0.0,77.07000000000001,106.9
2024-10-04,C00445,1,4,106.9,0.0,106.9,2,-0.0,106.9,106.9
2024-10-03,C00446,1,6,86.75461800000002,0.0,86.75461800000002,2,-0.0,86.75461800000002,289.12056700000005
2024-10-04,C00446,1,7,289.12056700000005,0.0,289.12056700000005,2,-0.0,289.12056700000005,289.12056700000005
2024-10-01,C00448,1,6,62.29803,0.0,62.29803,2,-0.0,62.29803,
2024-10-05,C00449,1,5,144.486391,0.0,144.486391,3,-0.0,144.486391,
2024-10-02,C00450,1,2,47.41132,0.0,47.41132,2,-0.0,47.41132,281.275872
2024-10-03,C00450,1,4,281.275872,0.0,281.275872,1,-0.0,281.275872,281.275872
2024-10-03,C00451,1,4,39.6,0.0,39.6,1,-0.0,39.6,
2024-10-04,C00452,1,4,64.663005,0.0,64.663005,2,-0.0,64.663005,62.798602
2024-10-05,C00452,1,7,62.798602,0.0,62.798602,2,-0.0,62.798602,62.798602
2024-10-01,C00453,1,6,133.15079999999998,0.0,133.15079999999998,2,-0.0,133.15079999999998,
2024-10-01,C00454,1,9,193.1136,0.0,193.1136,5,-0.0,193.1136,
2024-10-01,C00455,1,6,200.00439999999998,0.0,200.00439999999998,4,-0.0,200.00439999999998,93.45336
2024-10-02,C00455,1,5,93.45336,0.0,93.45336,2,-0.0,93.45336,123.865935
2024-10-05,C00455,1,6,154.27850999999998,0.0,154.27850999999998,2,-0.0,154.27850999999998,154.27850999999998
2024-10-01,C00456,1,4,143.75,0.0,143.75,3,-0.0,143.75,14.39
2024-10-02,C00456,1,1,14.39,0.0,14.39,1,-0.0,14.39,14.39
2024-10-01,C00457,1,3,59.08,0.0,59.08,2,-0.0,59.08,99.09
2024-10-02,C00457,1,7,99.09,0.0,99.09,3,-0.0,99.09,57.235
2024-10-03,C00457,1,1,15.38,0.0,15.38,1,-0.0,15.38,15.38
2024-10-04,C00458,1,1,12.149807,0.0,12.149807,1,-0.0,12.149807,
2024-10-04,C00459,1,3,76.158336,0.0,76.158336,1,-0.0,76.158336,
2024-10-01,C00460,1,10,181.46737799999997,0.0,181.46737799999997,3,-0.0,181.46737799999997,170.45029399999999
2024-10-03,C00460,1,6,170.45029399999999,0.0,170.45029399999999,3,-0.0,170.45029399999999,113.74223699999999
2024-10-04,C00460,1,3,57.03417999999999,0.0,57.03417999999999,2,-0.0,57.03417999999999,57.03417999999999
2024-10-02,C00461,1,4,82.20607,0.0,82.20607,2,-0.0,82.20607,287.16911
2024-10-04,C00461,1,8,287.16911,0.0,287.16911,4,-0.0,287.16911,206.080868
2024-10-05,C00461,1,6,124.992626,0.0,124.992626,3,-0.0,124.992626,124.992626
2024-10-02,C00462,1,3,101.7,0.0,101.7,2,-0.0,101.7,78.16
2024-10-05,C00462,1,6,78.16,0.0,78.16,2,-0.0,78.16,78.16
2024-10-02,C00463,1,9,190.766378,0.0,190.766378,4,-0.0,190.766378,276.60013
2024-10-05,C00463,1,13,276.60013,0.0,276.60013,3,-0.0,276.60013,276.60013
2024-10-01,C00464,1,8,173.11,0.0,173.11,4,-0.0,173.11,53.5
2024-10-04,C00464,1,2,53.5,0.0,53.5,1,-0.0,53.5,130.445
2024-10-05,C00464,1,14,207.39,0.0,207.39,5,-0.0,207.39,207.39
2024-10-01,C00466,1,6,105.96123,0.0,105.96122999999999,3,-0.0,105.96122999999999,163.073289
2024-10-05,C00466,1,6,163.073289,0.0,163.073289,2,-0.0,163.073289,163.073289
2024-10-01,C00468,1,2,29.03,0.0,29.03,2,-0.0,29.03,
2024-10-02,C00469,1,6,218.49999999999997,0.0,218.49999999999997,3,-0.0,218.49999999999997,157.86
2024-10-04,C00469,1,5,157.86,0.0,157.86,3,-0.0,157.86,157.86
2024-10-01,C00470,1,4,44.95712,0.0,44.95712,1,-0.0,44.95712,48.13875
2024-10-02,C00470,1,2,48.13875,0.0,48.13875,2,-0.0,48.13875,160.9120735
2024-10-04,C00470,1,6,273.68539699999997,0.0,273.68539699999997,3,-0.0,273.68539699999997,156.1825285
2024-10-05,C00470,1,1,38.67966,0.0,38.67966,1,-0.0,38.67966,38.67966
2024-10-05,C00471,1,2,28.74,0.0,28.74,1,-0.0,28.74,
2024-10-02,C00472,1,2,42.46715999999999,0.0,42.46715999999999,1,-0.0,42.46715999999999,
2024-10-01,C00473,1,4,181.29,0.0,181.29,2,-0.0,181.29,51.8
2024-10-03,C00473,1,3,51.8,0.0,51.8,2,-0.0,51.8,62.785
2024-10-04,C00473,1,3,73.77,0.0,73.77,1,-0.0,73.77,73.77
2024-10-01,C00474,1,1,18.283965,0.0,18.283965,1,-0.0,18.283965,124.51636500000001
2024-10-04,C00474,1,5,124.51636500000001,0.0,124.51636500000001,4,-0.0,124.51636500000001,124.51636500000001
2024-10-03,C00475,1,1,13.96558,0.0,13.96558,1,-0.0,13.96558,
2024-10-03,C00477,1,4,100.22999999999999,0.0,100.22999999999999,2,-0.0,100.22999999999999,22.37
2024-10-05,C00477,1,1,22.37,0.0,22.37,1,-0.0,22.37,22.37
2024-10-02,C00478,1,3,89.91,0.0,89.91,1,-0.0,89.91,
2024-10-02,C00479,1,1,13.32,0.0,13.32,1,-0.0,13.32,282.09
2024-10-04,C00479,1,11,282.09,0.0,282.09,3,-0.0,282.09,157.42499999999998
2024-10-05,C00479,1,1,32.76,0.0,32.76,1,-0.0,32.76,32.76
2024-10-02,C00480,1,1,24.279046,0.0,24.279046,1,-0.0,24.279046,57.403310999999995
2024-10-04,C00480,1,3,57.403310999999995,0.0,57.403310999999995,2,-0.0,57.403310999999995,39.023135499999995
2024-10-05,C00480,1,1,20.642960000000002,0.0,20.642960000000002,1,-0.0,20.642960000000002,20.642960000000002
2024-10-03,C00481,1,1,17.66,0.0,17.66,1,-0.0,17.66,
2024-10-05,C00482,1,2,42.3733,0.0,42.3733,1,-0.0,42.3733,
2024-10-01,C00483,1,9,313.72,0.0,313.71999999999997,3,-0.0,313.71999999999997,94.62
2024-10-03,C00483,1,3,94.62,0.0,94.62,1,-0.0,94.62,94.62
2024-10-05,C00484,1,2,61.00547,0.0,61.00547,2,-0.0,61.00547,
2024-10-01,C00485,1,2,22.87232,0.0,22.87232,2,-0.0,22.87232,277.23641
2024-10-02,C00485,1,10,277.23641,0.0,277.23641,4,-0.0,277.23641,277.23641
2024-10-01,C00486,1,2,70.32894,0.0,70.32894,1,-0.0,70.32894,430.34317999999996
2024-10-04,C00486,1,11,430.34318,0.0,430.34317999999996,3,-0.0,430.34317999999996,280.683042
2024-10-05,C00486,1,4,131.02290399999998,0.0,131.02290399999998,2,-0.0,131.02290399999998,131.02290399999998
2024-10-03,C00487,1,2,42.723752000000005,0.0,42.723752000000005,2,-0.0,42.723752000000005,50.45093
2024-10-04,C00487,1,2,50.45093,0.0,50.45093,1,-0.0,50.45093,34.937467999999996
2024-10-05,C00487,1,2,19.424006,0.0,19.424006,1,-0.0,19.424006,19.424006
2024-10-04,C00488,1,5,47.933805,0.0,47.933805,2,-0.0,47.933805,364.537281
2024-10-05,C00488,1,13,364.537281,0.0,364.537281,5,-0.0,364.537281,364.537281
2024-10-03,C00489,1,9,121.0,-118.52,2.479999999999997,4,0.979504132231405,2.479999999999997,
2024-10-05,C00490,1,3,82.13171,0.0,82.13171,3,-0.0,82.13171,
2024-10-04,C00492,1,4,51.349965,0.0,51.349965,2,-0.0,51.349965,41.32907
2024-10-05,C00492,1,2,41.32907,0.0,41.32907,2,-0.0,41.32907,41.32907
2024-10-02,C00493,1,4,165.73000000000002,0.0,165.73000000000002,2,-0.0,165.73000000000002,109.66
2024-10-05,C00493,1,8,109.66,0.0,109.66,2,-0.0,109.66,109.66
2024-10-03,C00494,1,7,168.58281,0.0,168.58281,5,-0.0,168.58281,
2024-10-01,C00495,1,5,129.5128,0.0,129.5128,3,-0.0,129.5128,162.95166
2024-10-05,C00495,1,6,162.95166,0.0,162.95166,3,-0.0,162.95166,162.95166
2024-10-01,C00496,1,6,177.95,0.0,177.95,3,-0.0,177.95,175.55
2024-10-02,C00496,1,6,175.55,0.0,175.55,3,-0.0,175.55,175.55
2024-10-01,C00497,1,5,69.75,0.0,69.75,2,-0.0,69.75,105.04
2024-10-04,C00497,1,4,105.04,0.0,105.04,1,-0.0,105.04,105.04
2024-10-01,C00498,1,5,147.07792,0.0,147.07792,4,-0.0,147.07792,239.49520199999998
2024-10-04,C00498,1,5,239.49520199999998,0.0,239.49520199999998,4,-0.0,239.49520199999998,239.49520199999998
2024-10-01,C00499,1,4,83.100426,0.0,83.100426,3,-0.0,83.100426,43.511753999999996
2024-10-03,C00499,1,4,43.511753999999996,0.0,43.511753999999996,3,-0.0,43.511753999999996,43.511753999999996
2024-10-03,C00500,1,4,126.96859799999999,0.0,126.96859799999999,2,-0.0,126.96859799999999,
2024-10-01,C00501,1,4,102.14,0.0,102.14,2,-0.0,102.14,
2024-10-01,C00504,1,4,100.49,0.0,100.49,2,-0.0,100.49,275.46999999999997
2024-10-04,C00504,1,7,275.46999999999997,0.0,275.46999999999997,4,-0.0,275.46999999999997,275.46999999999997
2024-10-04,C00505,1,2,23.28,0.0,23.28,1,-0.0,23.28,136.91
2024-10-05,C00505,1,6,136.91,0.0,136.91,3,-0.0,136.91,136.91
2024-10-04,C00506,1,6,136.84700999999998,0.0,136.84700999999998,2,-0.0,136.84700999999998,219.91829
2024-10-05,C00506,1,6,219.91829,0.0,219.91829,3,-0.0,219.91829,219.91829
2024-10-03,C00507,1,14,570.321324,0.0,570.321324,4,-0.0,570.321324,99.1587
2024-10-05,C00507,1,4,99.1587,0.0,99.1587,3,-0.0,99.1587,99.1587
2024-10-01,C00508,1,6,236.529792,0.0,236.529792,3,-0.0,236.529792,286.588235
2024-10-04,C00508,1,17,286.588235,0.0,286.588235,5,-0.0,286.588235,286.588235
2024-10-02,C00509,1,1,20.711315,0.0,20.711315,1,-0.0,20.711315,14.386888
2024-10-03,C00509,1,1,14.386888,0.0,14.386888,1,-0.0,14.386888,15.7477965
2024-10-04,C00509,1,1,17.108705,0.0,17.108705,1,-0.0,17.108705,17.108705
2024-10-01,C00510,1,2,52.88368,0.0,52.88368,1,-0.0,52.88368,
2024-10-02,C00512,1,6,193.8387,0.0,193.8387,2,-0.0,193.8387,149.22995999999998
2024-10-05,C00512,1,3,149.22995999999998,0.0,149.22995999999998,2,-0.0,149.22995999999998,149.22995999999998
2024-10-01,C00513,1,4,78.157128,0.0,78.157128,2,-0.0,78.157128,46.810779999999994
2024-10-04,C00513,1,4,46.810779999999994,0.0,46.810779999999994,1,-0.0,46.810779999999994,46.810779999999994
2024-10-03,C00514,1,7,125.713626,0.0,125.713626,4,-0.0,125.713626,
2024-10-02,C00515,1,3,53.08395,0.0,53.08395,1,-0.0,53.08395,
2024-10-03,C00516,1,9,243.95,0.0,243.95,4,-0.0,243.95,707.4599999999999
2024-10-04,C00516,1,19,707.4599999999999,0.0,707.4599999999999,5,-0.0,707.4599999999999,517.25
2024-10-05,C00516,1,4,327.04,0.0,327.04,2,-0.0,327.04,327.04
2024-10-02,C00517,1,5,316.954088,0.0,316.954088,3,-0.0,316.954088,172.48586899999998
2024-10-04,C00517,1,6,172.48586899999998,0.0,172.48586899999998,3,-0.0,172.48586899999998,172.48586899999998
2024-10-01,C00518,1,1,16.225557,0.0,16.225557,1,-0.0,16.225557,125.09723999999999
2024-10-04,C00518,1,5,125.09723999999999,0.0,125.09723999999999,2,-0.0,125.09723999999999,269.949878
2024-10-05,C00518,1,8,414.802516,0.0,414.802516,3,-0.0,414.802516,414.802516
2024-10-01,C00519,1,1,46.22,0.0,46.22,1,-0.0,46.22,156.25
2024-10-03,C00519,1,6,156.25,0.0,156.25,4,-0.0,156.25,156.25
2024-10-02,C00520,1,5,169.807836,0.0,169.807836,3,-0.0,169.807836,
2024-10-01,C00521,1,6,117.617745,-31.226984999999996,86.39076,3,0.2654955253563142,86.39076,
2024-10-01,C00522,1,3,98.19541799999999,0.0,98.19541799999999,2,-0.0,98.19541799999999,309.50534
2024-10-03,C00522,1,8,309.50534,0.0,309.50534,3,-0.0,309.50534,207.1669575
2024-10-04,C00522,1,4,104.82857499999999,0.0,104.82857499999999,2,-0.0,104.82857499999999,91.64984949999999
2024-10-05,C00522,1,3,78.471124,0.0,78.471124,2,-0.0,78.471124,78.471124
2024-10-03,C00524,1,4,101.08992,0.0,101.08992,1,-0.0,101.08992,
2024-10-02,C00525,1,7,92.7,0.0,92.7,4,-0.0,92.7,23.25
2024-10-04,C00525,1,1,23.25,0.0,23.25,1,-0.0,23.25,23.25
2024-10-01,C00527,1,6,129.73536000000001,0.0,129.73536000000001,3,-0.0,129.73536000000001,15.846528
2024-10-03,C00527,1,1,15.846528,0.0,15.846528,1,-0.0,15.846528,110.7223585
2024-10-04,C00527,1,5,205.598189,0.0,205.598189,3,-0.0,205.598189,205.598189
2024-10-01,C00528,1,3,50.13,0.0,50.13,1,-0.0,50.13,55.2
2024-10-05,C00528,1,3,55.2,0.0,55.2,2,-0.0,55.2,55.2
2024-10-05,C00529,1,1,7.58,0.0,7.58,1,-0.0,7.58,
2024-10-03,C00531,1,1,18.749448,0.0,18.749448,1,-0.0,18.749448,47.63345199999999
2024-10-04,C00531,1,5,47.63345199999999,0.0,47.63345199999999,2,-0.0,47.63345199999999,31.894405999999996
2024-10-05,C00531,1,3,16.155359999999998,0.0,16.155359999999998,1,-0.0,16.155359999999998,16.155359999999998
2024-10-01,C00532,1,5,157.90484399999997,0.0,157.90484399999997,3,-0.0,157.90484399999997,255.62143499999996
2024-10-02,C00532,1,12,255.62143499999996,0.0,255.62143499999996,3,-0.0,255.62143499999996,255.62143499999996
2024-10-01,C00533,1,9,211.30360000000002,0.0,211.30360000000002,3,-0.0,211.30360000000002,54.626124000000004
2024-10-03,C00533,1,3,65.110788,-10.484663999999999,54.626124000000004,2,0.16102806189352215,54.626124000000004,34.077805500000004
2024-10-04,C00533,1,3,13.529487,0.0,13.529487,1,-0.0,13.529487,13.529487
2024-10-02,C00534,1,4,108.13033,0.0,108.13033,2,-0.0,108.13033,81.651187
2024-10-04,C00534,1,4,81.651187,0.0,81.651187,2,-0.0,81.651187,81.651187
2024-10-03,C00535,1,2,22.32,0.0,22.32,1,-0.0,22.32,
2024-10-01,C00537,1,6,130.46,0.0,130.46,5,-0.0,130.46,12.6
2024-10-02,C00537,1,1,12.6,0.0,12.6,1,-0.0,12.6,71.67999999999999
2024-10-03,C00537,1,8,130.76,0.0,130.76,4,-0.0,130.76,116.95499999999998
2024-10-04,C00537,1,7,103.15,0.0,103.14999999999999,4,-0.0,103.14999999999999,103.14999999999999
2024-10-03,C00538,1,9,171.46865400000002,0.0,171.46865400000002,3,-0.0,171.46865400000002,
2024-10-04,C00539,1,6,86.41,0.0,86.41,4,-0.0,86.41,
2024-10-01,C00540,1,3,37.246269,-30.041840999999998,7.2044279999999965,3,0.8065731630730584,7.2044279999999965,177.550114
2024-10-03,C00540,1,5,177.550114,0.0,177.550114,3,-0.0,177.550114,117.400577
2024-10-04,C00540,1,4,57.251039999999996,0.0,57.251039999999996,1,-0.0,57.251039999999996,108.995639
2024-10-05,C00540,1,6,160.74023800000003,0.0,160.740238,3,-0.0,160.740238,160.740238
2024-10-01,C00541,1,10,157.52112,0.0,157.52112,3,-0.0,157.52112,
2024-10-01,C00542,1,6,145.2204,0.0,145.2204,4,-0.0,145.2204,6.164436
2024-10-03,C00542,1,1,6.164436,0.0,6.164436,1,-0.0,6.164436,62.326539499999996
2024-10-04,C00542,1,3,118.488643,0.0,118.488643,2,-0.0,118.488643,145.1128215
2024-10-05,C00542,1,7,171.737,0.0,171.737,4,-0.0,171.737,171.737
2024-10-04,C00543,1,8,179.04000000000002,0.0,179.04000000000002,2,-0.0,179.04000000000002,148.47
2024-10-05,C00543,1,6,148.47,0.0,148.47,3,-0.0,148.47,148.47
2024-10-01,C00545,1,8,212.62000000000003,0.0,212.62,5,-0.0,212.62,158.51000000000002
2024-10-02,C00545,1,8,158.51000000000002,0.0,158.51000000000002,4,-0.0,158.51000000000002,230.85500000000002
2024-10-04,C00545,1,11,303.20000000000005,0.0,303.2,5,-0.0,303.2,303.2
2024-10-03,C00546,1,3,54.50659200000001,0.0,54.50659200000001,1,-0.0,54.50659200000001,409.24758
2024-10-04,C00546,1,15,409.24758,0.0,409.24758,5,-0.0,409.24758,409.24758
2024-10-02,C00547,1,9,191.22000000000003,-14.56,176.66,5,0.07614266290137015,176.66,
2024-10-02,C00548,1,9,248.496805,0.0,248.496805,5,-0.0,248.496805,180.49927000000002
2024-10-03,C00548,1,4,180.49927000000002,0.0,180.49927000000002,2,-0.0,180.49927000000002,113.36846000000001
2024-10-04,C00548,1,2,46.23765,0.0,46.23765,1,-0.0,46.23765,46.23765
2024-10-01,C00550,1,2,60.769999999999996,0.0,60.769999999999996,2,-0.0,60.769999999999996,
2024-10-04,C00551,1,4,48.28,0.0,48.28,2,-0.0,48.28,82.71000000000001
2024-10-05,C00551,1,5,82.71000000000001,0.0,82.71000000000001,2,-0.0,82.71000000000001,82.71000000000001
2024-10-01,C00553,1,12,318.57752,0.0,318.57752,4,-0.0,318.57752,77.62749600000001
2024-10-03,C00553,1,7,101.63635200000002,-24.008856,77.62749600000001,2,0.23622311827956988,77.62749600000001,77.62749600000001
2024-10-04,C00554,1,3,51.177505,0.0,51.177505,2,-0.0,51.177505,
2024-10-01,C00555,1,12,275.77752,0.0,275.77752,5,-0.0,275.77752,75.458844
2024-10-03,C00555,1,4,75.458844,0.0,75.458844,2,-0.0,75.458844,75.458844
2024-10-01,C00556,1,7,65.86905599999999,0.0,65.869056,3,-0.0,65.869056,77.69276500000001
2024-10-02,C00556,1,4,86.03341499999999,-8.340649999999998,77.69276500000001,3,0.09694663404910754,77.69276500000001,53.202062500000004
2024-10-03,C00556,1,1,28.71136,0.0,28.71136,1,-0.0,28.71136,28.71136
2024-10-04,C00557,1,11,256.37,0.0,256.37,4,-0.0,256.37,93.03
2024-10-05,C00557,1,6,93.03,0.0,93.03,2,-0.0,93.03,93.03
2024-10-02,C00558,1,7,152.24,0.0,152.24,5,-0.0,152.24,21.72
2024-10-03,C00558,1,2,21.72,0.0,21.72,1,-0.0,21.72,79.81
2024-10-04,C00558,1,6,137.9,0.0,137.9,2,-0.0,137.9,160.20999999999998
2024-10-05,C00558,1,8,182.51999999999998,0.0,182.51999999999998,4,-0.0,182.51999999999998,182.51999999999998
2024-10-03,C00559,1,6,263.26,0.0,263.26,2,-0.0,263.26,50.230000000000004
2024-10-04,C00559,1,3,50.230000000000004,0.0,50.230000000000004,2,-0.0,50.230000000000004,164.175
2024-10-05,C00559,1,8,278.12,0.0,278.12,2,-0.0,278.12,278.12
2024-10-01,C00560,1,4,51.29152,0.0,51.29152,2,-0.0,51.29152,182.105682
2024-10-02,C00560,1,8,182.105682,0.0,182.105682,4,-0.0,182.105682,146.51142
2024-10-03,C00560,1,8,110.917158,0.0,110.917158,4,-0.0,110.917158,158.67588899999998
2024-10-04,C00560,1,11,206.43462,0.0,206.43462,3,-0.0,206.43462,206.43462
2024-10-04,C00561,1,7,298.46132000000006,0.0,298.46132,3,-0.0,298.46132,
2024-10-04,C00562,1,7,174.09211,0.0,174.09211,4,-0.0,174.09211,
2024-10-05,C00563,1,5,252.19428700000003,0.0,252.194287,3,-0.0,252.194287,
2024-10-01,C00564,1,4,108.06144,0.0,108.06144,2,-0.0,108.06144,509.37712
2024-10-05,C00564,1,16,509.37712,0.0,509.37712,5,-0.0,509.37712,509.37712
2024-10-01,C00565,1,5,77.37,0.0,77.37,3,-0.0,77.37,
2024-10-02,C00566,1,3,145.97696499999998,0.0,145.97696499999998,2,-0.0,145.97696499999998,53.49831400000001
2024-10-03,C00566,1,5,53.49831400000001,0.0,53.49831400000001,2,-0.0,53.49831400000001,53.49831400000001
2024-10-03,C00567,1,1,30.131324,0.0,30.131324,1,-0.0,30.131324,23.446775
2024-10-05,C00567,1,1,23.446775,0.0,23.446775,1,-0.0,23.446775,23.446775
2024-10-01,C00568,1,8,143.53408,0.0,143.53408,3,-0.0,143.53408,64.903872
2024-10-02,C00568,1,5,75.387422,-10.48355,64.903872,4,0.13906232262458848,64.903872,74.730505
2024-10-04,C00568,1,3,84.557138,0.0,84.557138,2,-0.0,84.557138,84.017564
2024-10-05,C00568,1,5,83.47799,0.0,83.47799,2,-0.0,83.47799,83.47799
2024-10-01,C00569,1,1,26.19,0.0,26.19,1,-0.0,26.19,79.03999999999999
2024-10-02,C00569,1,6,79.04,0.0,79.03999999999999,3,-0.0,79.03999999999999,79.03999999999999
2024-10-02,C00570,1,4,65.057916,0.0,65.057916,2,-0.0,65.057916,227.64015600000002
2024-10-03,C00570,1,6,227.64015600000002,0.0,227.64015600000002,2,-0.0,227.64015600000002,227.64015600000002
2024-10-02,C00571,1,10,359.975154,0.0,359.975154,5,-0.0,359.975154,28.231702
2024-10-04,C00571,1,2,28.231702,0.0,28.231702,1,-0.0,28.231702,135.108451
2024-10-05,C00571,1,6,241.9852,0.0,241.9852,2,-0.0,241.9852,241.9852
2024-10-01,C00572,1,3,38.657526,0.0,38.657526,3,-0.0,38.657526,
2024-10-01,C00573,1,1,21.126079999999998,0.0,21.126079999999998,1,-0.0,21.126079999999998,
2024-10-01,C00574,1,9,155.9632,0.0,155.9632,4,-0.0,155.9632,345.498708
2024-10-03,C00574,1,12,345.498708,0.0,345.498708,5,-0.0,345.498708,226.62154650000002
2024-10-04,C00574,1,7,107.744385,0.0,107.744385,3,-0.0,107.744385,107.744385
2024-10-01,C00575,1,3,174.89792,0.0,174.89792,2,-0.0,174.89792,142.857241
2024-10-04,C00575,1,6,142.857241,0.0,142.857241,3,-0.0,142.857241,142.857241
2024-10-01,C00576,1,7,116.66,0.0,116.66,3,-0.0,116.66,45.74
2024-10-04,C00576,1,1,45.74,0.0,45.74,1,-0.0,45.74,45.74
2024-10-01,C00577,1,4,150.357348,0.0,150.357348,2,-0.0,150.357348,
2024-10-02,C00578,1,12,215.06253999999998,-16.534056,198.52848399999996,5,0.07688022284122563,198.52848399999996,111.284292
2024-10-03,C00578,1,6,111.284292,0.0,111.284292,2,-0.0,111.284292,103.07694099999999
2024-10-05,C00578,1,5,94.86958999999999,0.0,94.86958999999999,3,-0.0,94.86958999999999,94.86958999999999
2024-10-01,C00580,1,9,558.50576,-39.58144,518.92432,4,0.07087024491922876,518.92432,43.822086
2024-10-04,C00580,1,3,43.822086,0.0,43.822086,1,-0.0,43.822086,43.822086
2024-10-05,C00582,1,2,39.62896,0.0,39.62896,1,-0.0,39.62896,
2024-10-05,C00583,1,7,137.355471,0.0,137.355471,3,-0.0,137.355471,
2024-10-01,C00584,1,5,153.51,0.0,153.51,4,-0.0,153.51,104.99000000000001
2024-10-04,C00584,1,4,104.99000000000001,0.0,104.99000000000001,2,-0.0,104.99000000000001,57.105000000000004
2024-10-05,C00584,1,2,31.92,-22.7,9.220000000000002,2,0.7111528822055138,9.220000000000002,9.220000000000002
2024-10-02,C00585,1,3,127.77949800000002,0.0,127.77949800000002,1,-0.0,127.77949800000002,181.97893200000001
2024-10-03,C00585,1,12,181.97893200000001,0.0,181.97893200000001,5,-0.0,181.97893200000001,132.620586
2024-10-05,C00585,1,3,83.26223999999999,0.0,83.26223999999999,1,-0.0,83.26223999999999,83.26223999999999
2024-10-02,C00586,1,6,146.324684,0.0,146.324684,2,-0.0,146.324684,54.3249
2024-10-04,C00586,1,2,54.3249,0.0,54.3249,2,-0.0,54.3249,54.3249
2024-10-03,C00587,1,13,683.45,0.0,683.4499999999999,5,-0.0,683.4499999999999,28.950000000000003
2024-10-04,C00587,1,3,28.950000000000003,0.0,28.950000000000003,2,-0.0,28.950000000000003,28.950000000000003
2024-10-01,C00588,1,11,221.13904000000002,0.0,221.13904,4,-0.0,221.13904,19.358196
2024-10-02,C00588,1,1,19.358196,0.0,19.358196,1,-0.0,19.358196,62.409786
2024-10-03,C00588,1,6,105.461376,0.0,105.461376,3,-0.0,105.461376,98.685438
2024-10-05,C00588,1,9,91.90950000000001,0.0,91.90950000000001,2,-0.0,91.90950000000001,91.90950000000001
2024-10-04,C00591,1,7,220.120645,-20.206705,199.91394,5,0.0917983181450336,199.91394,
2024-10-01,C00592,1,1,29.862509999999997,0.0,29.862509999999997,1,-0.0,29.862509999999997,
2024-10-03,C00593,1,3,134.25,0.0,134.25,1,-0.0,134.25,
2024-10-01,C00594,1,6,113.84,0.0,113.84,3,-0.0,113.84,
2024-10-02,C00595,1,7,343.098778,0.0,343.098778,2,-0.0,343.098778,92.360953
2024-10-04,C00595,1,4,92.360953,0.0,92.360953,2,-0.0,92.360953,92.360953
2024-10-03,C00596,1,6,271.32,0.0,271.32,2,-0.0,271.32,351.84000000000003
2024-10-04,C00596,1,8,351.84000000000003,0.0,351.84000000000003,2,-0.0,351.84000000000003,351.84000000000003
2024-10-03,C00597,1,5,55.620000000000005,0.0,55.620000000000005,2,-0.0,55.620000000000005,50.85
2024-10-05,C00597,1,3,50.85,0.0,50.85,2,-0.0,50.85,50.85
2024-10-01,C00599,1,8,185.974044,0.0,185.974044,3,-0.0,185.974044,63.27422
2024-10-03,C00599,1,3,63.27422,0.0,63.27422,2,-0.0,63.27422,13.506065
2024-10-04,C00599,1,1,0.0,-36.26209,-36.26209,1,0.0,-36.26209,-36.26209
2024-10-01,C00600,1,1,5.83792,0.0,5.83792,1,-0.0,5.83792,141.722262
2024-10-03,C00600,1,5,141.722262,0.0,141.722262,4,-0.0,141.722262,141.722262
